"id","term","category","weight"
1,"jaja","NEG_P",-0.129967925081
2,":(","NEG_P",1.40572625255
3,":)","NEG_P",-0.109880516993
4,"<newline>","NEG_P",-0.0369604958554
5,"vuestro","NEG_P",-0.0888075639233
6,"que la","NEG_P",-0.0483707790703
7,"por supuesto","NEG_P",-0.0450097343671
8,"ver","NEG_P",-0.000639905499265
9,"que poner","NEG_P",-0.234727077459
10,"otra","NEG_P",0.37442385513
11,"0","NEG_P",0.0652484413541
12,"veo","NEG_P",0.201591146497
13,"te","NEG_P",0.09219351613
14,"risa","NEG_P",-0.0102956124521
15,"#vamosunicaja","NEG_P",-0.121903866016
16,"jajajaj","NEG_P",-0.407548915795
17,"que ?","NEG_P",0.0116967467738
18,"edad","NEG_P",-0.075402505354
19,"peor","NEG_P",0.731656414709
20,"http://t.co","NEG_P",-0.0374598918137
21,"q","NEG_P",0.197095710697
22,"mundo y","NEG_P",1.06435231471
23,"habrá","NEG_P",0.113234088638
24,"tenía","NEG_P",-0.43608510646
25,"pasa","NEG_P",0.242717239533
26,"me ha","NEG_P",0.0849753522255
27,"y lo","NEG_P",-0.00239347178785
28,"boca","NEG_P",0.12938464946
29,"me he","NEG_P",-0.161309929927
30,"que estoy","NEG_P",-0.0875903225529
31,"video","NEG_P",-0.175864935615
32,"como me","NEG_P",0.362312145939
33,"gilipollas","NEG_P",1.58545825682
34,"no le","NEG_P",0.117859363861
35,"cómic","NEG_P",-0.0443085102856
36,"con los","NEG_P",-0.253166473497
37,"y luego","NEG_P",0.498374109266
38,"sobre","NEG_P",-0.0328080335912
39,"para mí","NEG_P",-0.0882787089903
40,"aburrimiento","NEG_P",0.828671591
41,"vamos","NEG_P",-0.0869319541258
42,"les","NEG_P",0.419647944565
43,"aunque","NEG_P",-0.15380332496
44,"día","NEG_P",0.120298938633
45,"instituto","NEG_P",0.691215834323
46,"rajoy","NEG_P",0.276409008663
47,"sabe","NEG_P",-0.279508400829
48,"gracias por","NEG_P",-0.170464447119
49,"a ser","NEG_P",-0.120219248181
50,"semana","NEG_P",-0.0538055435124
51,"buenas","NEG_P",-0.300633916084
52,"¡","NEG_P",-0.228866422682
53,"siempre","NEG_P",0.183924557434
54,"o a","NEG_P",0.202215904674
55,"ver a","NEG_P",-0.161142450656
56,"vivir","NEG_P",0.142552012184
57,"todas","NEG_P",0.0926005550776
58,"tienes que","NEG_P",-0.0213827211473
59,"precioso","NEG_P",-0.296907188992
60,"te quiero","NEG_P",-0.784126219833
61,"con las","NEG_P",0.44278062178
62,"cojones","NEG_P",0.632374365094
63,"mira","NEG_P",0.131853328031
64,"preciosa","NEG_P",-0.0754407650678
65,"orgullosa","NEG_P",-0.0994065814467
66,"vuelta","NEG_P",0.0739327005316
67,"creo que","NEG_P",0.306728061443
68,"verano","NEG_P",0.0991119484278
69,"me","NEG_P",0.211137363436
70,"yo soy","NEG_P",0.0333075278043
71,"lo que","NEG_P",-0.00258821186385
72,"mi","NEG_P",-0.0359357287148
73,"malo","NEG_P",0.318833207532
74,"sé","NEG_P",-0.10073556335
75,"del","NEG_P",0.010257843318
76,"era","NEG_P",-0.0588491435266
77,"cabeza","NEG_P",0.397591322989
78,"política","NEG_P",0.128564467421
79,"mala","NEG_P",0.196742376971
80,"? ?","NEG_P",0.00151160076353
81,"empieza","NEG_P",-0.0854496810311
82,"… https://t.co","NEG_P",-0.0886575766279
83,"me lo","NEG_P",-0.370832018395
84,"tal","NEG_P",0.209206591756
85,"!","NEG_P",-0.140018194176
86,"falta de","NEG_P",0.502876758953
87,"que yo","NEG_P",0.435295526059
88,"1","NEG_P",-0.0238902116251
89,"así que","NEG_P",-0.0889144743511
90,"sin","NEG_P",0.113510118014
91,"algo","NEG_P",0.0350926194075
92,"especial","NEG_P",-0.5114073568
93,"alegro","NEG_P",-0.111643472971
94,"jajaja","NEG_P",-0.533384799614
95,"de verdad","NEG_P",0.0488405801302
96,"a las","NEG_P",-0.0593643592083
97,"mal","NEG_P",0.905131713078
98,"a","NEG_P",-0.00312574613035
99,"su","NEG_P",0.238296509661
100,"que nos","NEG_P",-0.286309991976
101,"primera","NEG_P",-0.0584222683328
102,"si","NEG_P",0.0698991727256
103,"grande","NEG_P",-0.291900974318
104,"de lo","NEG_P",0.159736115802
105,"se","NEG_P",0.132722225418
106,"directo","NEG_P",-0.191347141569
107,"recuerdos","NEG_P",0.297011228434
108,"cole","NEG_P",0.0333189833958
109,"va a","NEG_P",0.0783961754582
110,"mejores","NEG_P",-0.314061865671
111,"también","NEG_P",-0.0464559569468
112,"la","NEG_P",0.0442391320044
113,"pronto","NEG_P",-0.00196190506519
114,"lo","NEG_P",-0.0118061364848
115,"gente","NEG_P",0.193949858119
116,",","NEG_P",-0.0520241872919
117,"#léricasegundoaniversario","NEG_P",-0.814837509254
118,"de menos","NEG_P",0.189203739966
119,". https://t.co","NEG_P",-0.198107003169
120,"pena","NEG_P",0.12668408081
121,"yo creo","NEG_P",-0.452857345184
122,"no se","NEG_P",-0.206736740764
123,"cree","NEG_P",0.127914695112
124,"ganas de","NEG_P",0.0142521689182
125,"ya","NEG_P",0.0512848506248
126,"dan","NEG_P",0.366659915833
127,"jajajajaja","NEG_P",-0.550034914438
128,"nervios","NEG_P",0.0976037230539
129,"dar","NEG_P",0.118241246323
130,"odio","NEG_P",1.79010725303
131,"así","NEG_P",-0.00706285653017
132,"mañana","NEG_P",-0.0952857473786
133,"donde","NEG_P",0.0478644812492
134,"desde","NEG_P",-0.249927723213
135,"muchas","NEG_P",-0.116618748856
136,"el","NEG_P",0.0183435754801
137,"en","NEG_P",-0.0765818584474
138,"bueno","NEG_P",-0.216117701904
139,"eh","NEG_P",0.12617115798
140,"buena","NEG_P",-0.053121157306
141,"y una","NEG_P",-0.052807500013
142,"mucho .","NEG_P",0.116148005086
143,"es","NEG_P",0.0539538015717
144,"refugiados","NEG_P",0.21011587026
145,"@whoisinbunker","NEG_P",-0.228633506622
146,"poco","NEG_P",0.220571836952
147,"contigo","NEG_P",-0.0548325562471
148,"vete","NEG_P",1.53630360011
149,"jajajajajaja","NEG_P",-0.241472345521
150,"orgullosa de","NEG_P",-0.00925972579027
151,"que","NEG_P",0.112636788838
152,"asi","NEG_P",0.318422900807
153,"vergüenza","NEG_P",1.50415934885
154,"llorando","NEG_P",0.80968655595
155,"gusta","NEG_P",-0.0333859638182
156,"luego","NEG_P",0.319304736812
157,"gusto","NEG_P",-0.016653112996
158,"y que","NEG_P",-0.0904802595938
159,", de","NEG_P",-0.140175170386
160,"horas","NEG_P",0.00117164315401
161,"está","NEG_P",0.0962875049336
162,"yo en","NEG_P",0.0157322645214
163,"que de","NEG_P",-0.308391612427
164,"xd","NEG_P",-0.301809037667
165,"cada","NEG_P",0.10231482489
166,"para que","NEG_P",-0.0600887801307
167,"instagram","NEG_P",0.124696675492
168,"""","NEG_P",0.097490505502
169,"bonita","NEG_P",-0.155445124847
170,"los","NEG_P",0.167591488341
171,"bonito","NEG_P",-0.263007811705
172,"felicidades","NEG_P",-0.40249335736
173,"contra","NEG_P",0.126229339489
174,"2","NEG_P",-0.0762489266432
175,"final","NEG_P",-0.26757234222
176,"para","NEG_P",-0.0375758257573
177,"momento","NEG_P",-0.0460955266986
178,"asco","NEG_P",1.58991429641
179,"a ir","NEG_P",0.0371630075367
180,"es una","NEG_P",-0.113704458118
181,". lo","NEG_P",0.121247833568
182,"_intercept","NEG_P",2.5046829697
183,"mierda","NEG_P",1.63173613087
184,"basura","NEG_P",0.0475217604622
185,"pues eso","NEG_P",0.122943986491
186,"este","NEG_P",0.0016891363848
187,"coño","NEG_P",0.156779139207
188,"esta","NEG_P",-0.122972481092
189,"esto","NEG_P",0.0829564867434
190,"siendo","NEG_P",0.330446078467
191,"hasta","NEG_P",-0.00392817552741
192,"que por","NEG_P",-0.279558987543
193,"parece","NEG_P",0.100969709989
194,"niños","NEG_P",0.0857474504857
195,"una vez","NEG_P",0.236128734079
196,"vaya","NEG_P",0.418834820314
197,"clase","NEG_P",0.401111277196
198,"jajajaja","NEG_P",-0.365377085678
199,"duele","NEG_P",0.0411260952704
200,"ir a","NEG_P",0.0956037383182
201,"cualquier","NEG_P",0.39438107612
202,"putas","NEG_P",0.423941430548
203,"! !","NEG_P",-0.256990643279
204,"m","NEG_P",-0.303758814009
205,"borde","NEG_P",0.226725484768
206,"no lo","NEG_P",-0.22679771401
207,"tendencia","NEG_P",-0.0132215852783
208,"tener","NEG_P",-0.232427334436
209,"estoy","NEG_P",0.42867310253
210,"hace","NEG_P",-0.0896432388038
211,"estos","NEG_P",-0.00997764311957
212,"quieren","NEG_P",0.0659458585497
213,"dice","NEG_P",-0.375944821912
214,"nadie","NEG_P",0.408533286096
215,"@petralaszlo","NEG_P",0.0862135437874
216,"libro","NEG_P",-0.272574156573
217,"xdd","NEG_P",-0.0777391793475
218,"de","NEG_P",-0.0312391788593
219,"da","NEG_P",-0.0400447587268
220,"@alex_paev @m83aribel","NEG_P",0.092531025892
221,"yo me","NEG_P",-0.257374794699
222,"que hay","NEG_P",0.2057322229
223,"placer","NEG_P",-0.0272501191333
224,"una de","NEG_P",-0.10377118241
225,"ganar","NEG_P",-0.0364020511954
226,"gran","NEG_P",-0.21478400559
227,"verdad","NEG_P",0.206380381138
228,"sueños","NEG_P",-0.0148084384065
229,". http://t.co","NEG_P",0.0195252325266
230,"? si","NEG_P",0.0327245649004
231,"paro sube","NEG_P",0.502316845524
232,"perdido","NEG_P",0.139621757012
233,"temporada","NEG_P",-0.0964377391756
234,"miserable","NEG_P",0.884094367835
235,"juego","NEG_P",-0.0858252247785
236,"bien","NEG_P",-0.199576083265
237,"estoy en","NEG_P",-0.138318745635
238,"@lericamusic","NEG_P",-0.00819437593778
239,"llorar","NEG_P",0.856396197566
240,"a dejar","NEG_P",0.0307438187082
241,"alguien","NEG_P",0.247743302522
242,"viernes","NEG_P",-0.389884832775
243,"corrupción","NEG_P",0.620288984035
244,"dinero","NEG_P",0.358917875522
245,"tus","NEG_P",0.111700292002
246,"sola","NEG_P",0.512154292786
247,"el drama","NEG_P",0.555842841798
248,"le","NEG_P",0.198150961669
249,"como","NEG_P",-0.00826357258252
250,"@pan_paniscuss","NEG_P",-0.0213400933013
251,"y el","NEG_P",0.16476784995
252,"ahora","NEG_P",-0.0181398697236
253,"una","NEG_P",0.115861313454
254,"concierto","NEG_P",-0.177200906401
255,"no hay","NEG_P",-0.0271205632991
256,"quien","NEG_P",-0.0541892813938
257,"tonterías","NEG_P",0.656515014991
258,"con","NEG_P",-0.0878992775629
259,"y no","NEG_P",0.562816886717
260,"juntas","NEG_P",-0.100503028934
261,"cuando","NEG_P",-0.0931707252242
262,"y con","NEG_P",0.171084083605
263,". me","NEG_P",-0.0733918497488
264,"tonto","NEG_P",1.4897729991
265,"caballo","NEG_P",0.124520059146
266,"amiga","NEG_P",-0.16613042467
267,".","NEG_P",0.103553363112
268,"puta","NEG_P",1.62158857695
269,"tenemos","NEG_P",-0.0303505749687
270,"feliz","NEG_P",-0.503546083584
271,"puto","NEG_P",0.444593419078
272,"equipo","NEG_P",-0.0567626189476
273,"sevilla","NEG_P",-0.00937943792252
274,"vamos a","NEG_P",-0.207826260693
275,"cinco","NEG_P",0.0262293698581
276,"jueves","NEG_P",-0.248214560093
277,"^","NEG_P",-0.0112918928298
278,"gracias","NEG_P",-0.662816638982
279,"é","NEG_P",0.209931912167
280,"paro baja","NEG_P",-0.311953762254
281,"n","NEG_P",0.277716369692
282,"buen","NEG_P",-0.209577763975
283,"puto amo","NEG_P",-0.0693690846792
284,"ir","NEG_P",0.0223316419429
285,"si te","NEG_P",0.149154764679
286,". <newline>","NEG_P",-0.00195419413873
287,"sois","NEG_P",1.11028963973
288,"a su","NEG_P",0.59666866396
289,"parte","NEG_P",-0.261082367327
290,")","NEG_P",-0.172355846786
291,"no quiero","NEG_P",0.0878548208372
292,"por mi","NEG_P",0.170356463278
293,"a todos","NEG_P",0.0189569036212
294,"hecho","NEG_P",-0.160336615084
295,"9","NEG_P",-0.187107655962
296,", ahora","NEG_P",-0.183562210989
297,"todos","NEG_P",0.0757361231507
298,"la que","NEG_P",-0.0156302261576
299,"ni","NEG_P",0.372073461434
300,", ""","NEG_P",0.231168457708
301,"tambien","NEG_P",-0.119386634841
302,"me gusta","NEG_P",-0.162113760178
303,"vuelve","NEG_P",-0.438818403227
304,"año","NEG_P",-0.116563740177
305,"estado","NEG_P",0.093575637667
306,"la cara","NEG_P",-0.240025378592
307,"por favor","NEG_P",0.278842575128
308,"miedo","NEG_P",0.814414926892
309,"hago","NEG_P",-0.255262582624
310,"con la","NEG_P",0.0571790813666
311,"lo mejor","NEG_P",-0.167683086223
312,"joder","NEG_P",0.266016438958
313,"dais","NEG_P",0.347790512887
314,"antes","NEG_P",0.240097664927
315,"respeto","NEG_P",0.128986330812
316,"han","NEG_P",0.00124424003016
317,"vida","NEG_P",-0.0837113812069
318,"para el","NEG_P",-0.104440002151
319,"hay","NEG_P",0.166727459431
320,"con un","NEG_P",0.116953965872
321,"@rubiu5","NEG_P",-0.0796112269167
322,"...","NEG_P",0.0945045250777
323,"amo","NEG_P",-0.454683972553
324,"por","NEG_P",0.0654071749205
325,"triste","NEG_P",1.56187735463
326,"la del","NEG_P",-0.320214702914
327,"! https://t.co","NEG_P",0.14827630754
328,"ha dicho","NEG_P",0.0899848377398
329,"tanto","NEG_P",0.00202022480233
330,"d","NEG_P",0.0899157289274
331,"gente que","NEG_P",0.104918620205
332,"móvil","NEG_P",0.0198294746832
333,"niña","NEG_P",-0.508542057815
334,"cosas","NEG_P",0.198076723118
335,"en serio","NEG_P",0.184147036347
336,"amor","NEG_P",-0.101222382446
337,"chico","NEG_P",0.110266515612
338,"baja un","NEG_P",-6.38827185456e-15
339,"el martes","NEG_P",-0.00149970239967
340,"/","NEG_P",-0.231902034102
341,"esa","NEG_P",0.113672511957
342,"eso","NEG_P",0.0692282811548
343,"?","NEG_P",-0.0196569946197
344,"y me","NEG_P",0.218271386588
345,""" para","NEG_P",-0.324886272028
346,";)","NEG_P",-0.395783239932
347,"me alegro","NEG_P",-4.76099194704e-06
348,"nueva","NEG_P",-0.262703981738
349,"no puedo","NEG_P",0.251687117757
350,"@davidauryn","NEG_P",-0.113449192639
351,"plaza","NEG_P",-0.114321847677
352,"o","NEG_P",0.0129176679042
353,"ido","NEG_P",0.107913626437
354,"que el","NEG_P",-0.0811677709208
355,"? !","NEG_P",0.0583408350609
356,"? .","NEG_P",0.577275604855
357,"esperar","NEG_P",0.0688334211623
358,""" ,","NEG_P",0.0102453592106
359,""" .","NEG_P",0.0302107122789
360,"ya no","NEG_P",0.106828500745
361,"bajón","NEG_P",0.074943223294
362,"morir","NEG_P",0.28004225203
363,"enhorabuena","NEG_P",-0.212156467687
364,"soy","NEG_P",0.0169590980085
365,"rápido","NEG_P",0.104004646255
366,"guarra","NEG_P",0.189760489495
367,"..","NEG_P",0.151073804115
368,"pocos","NEG_P",0.00106212332626
369,"en la","NEG_P",0.0603025135138
370,"opus","NEG_P",0.389823239213
371,"de mi","NEG_P",0.0223046568371
372,":","NEG_P",-0.116788424243
373,"poder","NEG_P",0.139911807798
374,"encanta","NEG_P",-0.650740282249
375,"dormir","NEG_P",0.104880057903
376,"en el","NEG_P",0.0466462986839
377,"días","NEG_P",0.0839121717608
378,"seguir","NEG_P",-0.0718417962269
379,"domingo","NEG_P",-0.0656070856405
380,"ha","NEG_P",0.0403661537586
381,"martes","NEG_P",-0.176399572596
382,"sube un","NEG_P",1.06646845189e-14
383,"....","NEG_P",0.10898143724
384,"un","NEG_P",0.0848077721203
385,"genial","NEG_P",-0.360810075565
386,"seguro","NEG_P",-0.115824145789
387,"una persona","NEG_P",0.366801294206
388,"llevo","NEG_P",0.151544526844
389,". si","NEG_P",-0.239874423193
390,"al","NEG_P",0.0157825146314
391,"mundo","NEG_P",0.048662707067
392,"mejor","NEG_P",-0.334536052675
393,"un abrazo","NEG_P",-0.168530906476
394,"tarde","NEG_P",-0.242380712566
395,"%","NEG_P",0.102528276444
396,"no","NEG_P",0.365721014384
397,"visto","NEG_P",-0.160931270712
398,"besos","NEG_P",-0.463610516534
399,"que aburrimiento","NEG_P",0.122501565609
400,"leído","NEG_P",-0.173732913703
401,"no ,","NEG_P",0.286013390929
402,": c","NEG_P",0.0393692847309
403,"o no","NEG_P",-0.264683168842
404,"no ?","NEG_P",-0.282990261105
405,"mente","NEG_P",0.166732488514
406,". es","NEG_P",0.120944155609
407,"puedes","NEG_P",-0.0216792206497
408,"jaja","POS_P",0.837435814602
409,"día de","POS_P",0.0632524138558
410,"vergüenza","POS_P",-0.31980406179
411,"que yo","POS_P",-0.169544616642
412,":(","POS_P",-0.102072183749
413,":)","POS_P",0.627302887609
414,"<newline>","POS_P",0.0724947635558
415,"tener","POS_P",0.0186423820477
416,"el día","POS_P",0.104632299904
417,"magistrado","POS_P",-1.32296244975e-16
418,"jeje","POS_P",0.678251934996
419,"menos","POS_P",0.210681725005
420,"verdad","POS_P",-0.00741266240691
421,"no ?","POS_P",0.285661565939
422,"para el","POS_P",0.0785596314925
423,"mejores","POS_P",0.951888398378
424,"quiero","POS_P",0.464653388439
425,"hay que","POS_P",-0.0358962505371
426,"han","POS_P",-0.180063441713
427,"la","POS_P",-0.0039201459618
428,"(","POS_P",-0.0192778249598
429,"vida","POS_P",0.351894695846
430,"tu","POS_P",0.0744488984871
431,"vez","POS_P",-0.0544842071683
432,",","POS_P",0.0228912735015
433,"#léricasegundoaniversario","POS_P",1.6251049859
434,"the","POS_P",0.257647699694
435,"sonrisa","POS_P",0.234628580498
436,"hay","POS_P",-0.281587171541
437,"de menos","POS_P",0.0764503745161
438,"@rubiu5","POS_P",0.10359372749
439,"ti","POS_P",0.313167518135
440,"veo","POS_P",0.0745232338235
441,"te","POS_P",0.0505346217174
442,"personas que","POS_P",0.0945396208518
443,"¿","POS_P",-0.012117966888
444,"cef","POS_P",-1.32296244975e-16
445,"a dar","POS_P",-0.0495628283791
446,"yo","POS_P",-0.145932025763
447,":d","POS_P",0.431925165172
448,"cuando","POS_P",-0.00124062846409
449,"dan","POS_P",-0.10257356497
450,"de","POS_P",0.018502340054
451,"gracias a","POS_P",0.419260909166
452,"jajajajaja","POS_P",0.868384209354
453,"@sonieeta03","POS_P",0.155633064495
454,"risa","POS_P",0.162858439005
455,"miedo","POS_P",-0.32514894705
456,"... ?","POS_P",-0.0821467671497
457,"verte","POS_P",0.125274483627
458,"durante","POS_P",-0.194216443345
459,"por fin","POS_P",0.4264600515
460,"se ha","POS_P",0.0615060345515
461,"mucho","POS_P",0.0187114808842
462,"odio","POS_P",-0.678682161595
463,"así","POS_P",0.125350542651
464,"nos","POS_P",0.224922631597
465,"aquí","POS_P",-0.0298664524004
466,"ha sido","POS_P",0.0481472338902
467,"a mi","POS_P",-0.142512164886
468,"mañana","POS_P",0.00918998839021
469,"peor","POS_P",-0.414261971486
470,"? <newline>","POS_P",0.287073451832
471,"contencioso","POS_P",-6.61481224876e-17
472,"el mejor","POS_P",0.2332725814
473,"niña","POS_P",0.312001874269
474,"http://t.co","POS_P",0.119789329542
475,"somos","POS_P",0.112729880178
476,"ganas","POS_P",0.510305968325
477,"gran","POS_P",0.395461616144
478,"amor","POS_P",0.33427031257
479,"viernes","POS_P",0.0151616226988
480,"hora","POS_P",0.26353414879
481,"el","POS_P",-0.00152161245593
482,"paro sube","POS_P",-0.44591564717
483,"en","POS_P",-0.0957460555882
484,"bueno","POS_P",0.398792287795
485,"ser","POS_P",0.0404573375904
486,"cerca","POS_P",0.139706612175
487,"mierda","POS_P",-0.845197451769
488,"buena","POS_P",0.359699064048
489,"y lo","POS_P",0.297678214363
490,"mas","POS_P",0.0303075397973
491,"canción","POS_P",0.211126892841
492,"d","POS_P",-0.0151291069267
493,"baja un","POS_P",3.78344162549e-14
494,"sea","POS_P",0.0110428518425
495,"todo","POS_P",0.19627674896
496,"es","POS_P",-0.0401771687905
497,"en contencioso","POS_P",-1.32296244975e-16
498,"rt","POS_P",-0.597770322757
499,"eres","POS_P",0.0848763198022
500,"sábado","POS_P",0.212170145088
501,"las cosas","POS_P",0.273715192213
502,"humor","POS_P",0.05224978068
503,"'","POS_P",-0.0491627525172
504,"+","POS_P",0.0132043502396
505,"y para","POS_P",0.223847199428
506,"muy","POS_P",0.0802541491947
507,"una nueva","POS_P",0.0140808974534
508,"bien","POS_P",0.7831004452
509,"fuerza","POS_P",0.0151012745923
510,"7","POS_P",-0.0316510251726
511,"@lericamusic","POS_P",7.18399253262e-14
512,"eso","POS_P",-0.21075751511
513,"contigo","POS_P",0.339167061065
514,"?","POS_P",-0.156669889946
515,"vamos","POS_P",0.0713963099506
516,"solo","POS_P",-0.0427492633713
517,"foto","POS_P",-0.203347817805
518,"me encanta","POS_P",0.778545892728
519,"nada .","POS_P",-0.0954059487701
520,"con ella","POS_P",0.0965527360331
521,"supremo en","POS_P",-4.16733171672e-15
522,"mi vida","POS_P",0.587094045595
523,"jajajajajaja","POS_P",0.931913218438
524,"quiere","POS_P",0.0739931955923
525,"le","POS_P",-0.0766520807986
526,"que","POS_P",-0.0292413224394
527,"como","POS_P",0.129794117461
528,"muchas","POS_P",0.147138491367
529,";)","POS_P",0.640621256682
530,"aunque","POS_P",0.30804476635
531,"nueva","POS_P",0.208327843471
532,"no me","POS_P",-0.22635662619
533,"día","POS_P",0.0453339797973
534,"instituto","POS_P",-0.155347321393
535,"gusta","POS_P",0.59582947554
536,"que me","POS_P",-0.0716645292847
537,"? ?","POS_P",0.332870106238
538,"ahora","POS_P",-0.0503654079918
539,"gusto","POS_P",0.399701798498
540,"o","POS_P",-0.187397299546
541,"y que","POS_P",0.20795284613
542,"empezar","POS_P",0.16172408511
543,"les","POS_P",-0.0515620078813
544,"? !","POS_P",-0.42773430087
545,"quien","POS_P",0.0333980612614
546,", de","POS_P",0.16174265819
547,"que no","POS_P",-0.0887289634886
548,"con","POS_P",0.0661137111868
549,"gracias por","POS_P",0.283771667614
550,"pluriempleado en","POS_P",-6.61481224876e-17
551,"sois","POS_P",-0.333424373213
552,"acabo de","POS_P",-0.309238112757
553,"bien ,","POS_P",-0.223878051791
554,"por","POS_P",-0.0604651587181
555,"@lericamusic ?","POS_P",0.0387626525975
556,"xd","POS_P",0.477874773764
557,"son","POS_P",0.0293897068234
558,"enhorabuena","POS_P",0.453914256423
559,"felicidad","POS_P",0.226456441376
560,"jajajajajajaja","POS_P",0.107626521475
561,"a ser","POS_P",0.29894547712
562,"ruego rt","POS_P",-6.61481224876e-17
563,". me","POS_P",0.037116606241
564,"tonto","POS_P",-0.494967344379
565,"asi","POS_P",-0.172993825845
566,"udima y","POS_P",-0.0082587227402
567,"pasa","POS_P",-0.075307278203
568,"tiene","POS_P",0.000833059274607
569,"y no","POS_P",-0.238970641759
570,"""","POS_P",-0.16095434462
571,"? http://t.co","POS_P",0.149295908786
572,"bonita","POS_P",0.822698034977
573,"están","POS_P",-0.0320000436812
574,"fiestas","POS_P",0.712489291919
575,"bonito","POS_P",0.921898510125
576,"pero","POS_P",8.76213089329e-05
577,"abrazo","POS_P",0.777861522581
578,"felicidades","POS_P",0.547936691426
579,".","POS_P",0.00483904752487
580,"los","POS_P",-0.0961595694989
581,"escuchar","POS_P",0.239421725131
582,"todas","POS_P",-0.0718341828948
583,"cgpj magistrado","POS_P",-6.61481224876e-17
584,"que se","POS_P",-0.00841595233857
585,"puta","POS_P",-0.650671291676
586,":","POS_P",-0.0734270466301
587,"la vida","POS_P",0.160150228597
588,"final","POS_P",0.0573211940618
589,"gilipollas","POS_P",-0.338176828555
590,"a","POS_P",-0.121980712172
591,"más","POS_P",0.452974176508
592,"te quiero","POS_P",1.18146775536
593,"sabes","POS_P",0.254502902502
594,"en el","POS_P",0.0134530208793
595,"es muy","POS_P",-0.000670867860529
596,"yo no","POS_P",-0.0220766547039
597,"jajajaja","POS_P",0.634320612266
598,":-)","POS_P",0.32178442657
599,"es una","POS_P",0.192743025065
600,"vía","POS_P",-0.372340870557
601,"me","POS_P",0.120525111781
602,"tribunal","POS_P",-5.09340543155e-15
603,"con las","POS_P",-0.00343451085731
604,"gracias","POS_P",1.03756559673
605,"de ver","POS_P",0.18618873701
606,"por favor","POS_P",-0.0448094227728
607,"_intercept","POS_P",2.67517387136
608,"sube un","POS_P",-6.67455160384e-14
609,"paro baja","POS_P",0.120859240013
610,"lo que","POS_P",-0.00675427067714
611,"mi","POS_P",0.210897560557
612,"que estoy","POS_P",0.723128682403
613,"vocal","POS_P",-6.61481224876e-17
614,"vocal cgpj","POS_P",-6.61481224876e-17
615,"un","POS_P",-0.140914607045
616,"del","POS_P",-0.178589156788
617,"cariño","POS_P",0.0825531469273
618,"cabeza","POS_P",-0.254111880311
619,"tema","POS_P",-0.212327224118
620,"y me","POS_P",-0.00915825109426
621,"buen","POS_P",0.530297612574
622,"viva","POS_P",0.0126329955133
623,"^ ^","POS_P",0.239786783085
624,"genial","POS_P",0.48463457286
625,"que es","POS_P",-0.0886994897484
626,"grande","POS_P",0.298241236297
627,"esta","POS_P",0.0630056376682
628,"me da","POS_P",-0.247301010978
629,"...","POS_P",-0.00696335810663
630,"supremo","POS_P",-9.92221837314e-16
631,"feliz","POS_P",0.856941395048
632,"y cef","POS_P",-6.61481224876e-17
633,"esto","POS_P",-0.063785801318
634,"al","POS_P",-0.159331649227
635,"mundo","POS_P",0.0942994727883
636,". <newline>","POS_P",0.0225467931842
637,"no tiene","POS_P",0.382363642191
638,"de todos","POS_P",0.128455683599
639,"echaba","POS_P",0.255710283502
640,"https://t.co /","POS_P",0.120822954709
641,"mejor","POS_P",0.74468779542
642,"tal","POS_P",-0.372823181499
643,"tan","POS_P",0.308788755691
644,", ya","POS_P",0.289439077969
645,"voz","POS_P",0.101211930239
646,"!","POS_P",0.722381007139
647,"tarde","POS_P",0.421700570033
648,". https://t.co","POS_P",0.210011180534
649,"2 años","POS_P",0.0395733766844
650,"fotos","POS_P",-0.0256110258421
651,"parte","POS_P",0.0908521549222
652,"2zbkd9pkfm","POS_P",-1.12451808229e-15
653,"no","POS_P",-0.321836054083
654,"na","POS_P",0.0606796178236
655,"haciendo","POS_P",-0.127750737045
656,"amo","POS_P",0.832498396759
657,"#barcelona","POS_P",-0.20746019934
658,"1","POS_P",0.386665899934
659,"de la","POS_P",-0.0815244129171
660,"besos","POS_P",1.03244058235
661,"lindo","POS_P",0.260173259436
662,"nombre","POS_P",-0.0984261895389
663,"sin","POS_P",-0.0188059897412
664,"con un","POS_P",-0.0332200164515
665,"hoy","POS_P",0.114270770296
666,"cgpj","POS_P",-0.0303388575038
667,"especial","POS_P",0.254767286953
668,"noche","POS_P",0.111190395818
669,"suerte","POS_P",0.289904750824
670,"ni","POS_P",-0.262512865168
671,"cef https://t.co","POS_P",-6.61481224876e-17
672,"<3","POS_P",0.291765826011
673,"triste","POS_P",-0.0573312850899
674,"@davidauryn","POS_P",0.438173878071
675,"jajaja","POS_P",1.0607161121
676,"ya no","POS_P",-0.0647283204686
677,"de tribunal","POS_P",-6.61481224876e-17
678,"… https://t.co","POS_P",0.375392349974
679,"año","POS_P",0.154041742297
680,"un placer","POS_P",0.237678141642
681,"estado","POS_P",-0.193519153257
682,"mal","POS_P",-0.398521221612
683,"problema","POS_P",-0.0188515110508
684,"las","POS_P",-0.0625953598482
685,"hacer","POS_P",-0.0539430227538
686,"corazón","POS_P",0.28282063608
687,"2zbkd9pkfm ruego","POS_P",-6.61481224876e-17
688,"no hay","POS_P",0.187941755106
689,"mente","POS_P",-0.251759332851
690,"troya","POS_P",-0.0241437548841
691,"contencioso pluriempleado","POS_P",-6.61481224876e-17
692,"el que","POS_P",0.123326820757
693,"! !","POS_P",0.29059022403
694,"m","POS_P",0.141658004208
695,"primera","POS_P",0.336747966247
696,"si","POS_P",-0.00620026492851
697,"orgullosa","POS_P",0.343945264136
698,"vaya","POS_P",-0.200188515962
699,"noches","POS_P",0.419090751648
700,"acabo","POS_P",-0.257709214778
701,"#trndnl","POS_P",-0.266559180289
702,"llorar","POS_P",-0.171321197196
703,"se","POS_P",-0.00337947674999
704,"el","POS_A",-0.0484898583864
705,"en","POS_A",-0.00778167740172
706,"http://t.co /","POS_A",0.0730466271645
707,"<newline>","POS_A",-0.0573549276336
708,"feliz","POS_A",0.396062373363
709,"… https://t.co","POS_A",0.478177380166
710,"mucho","POS_A",0.0886186353374
711,"#léricasegundoaniversario","POS_A",0.851403765876
712,"mejor","POS_A",0.132932780736
713,"todo","POS_A",0.014636543895
714,"es","POS_A",-0.022918383508
715,"!","POS_A",0.346571495713
716,"eres","POS_A",0.0252378586146
717,"quiero","POS_A",0.134567535879
718,"la","POS_A",-0.0662487629623
719,"vida","POS_A",0.0483923376341
720,",","POS_A",0.0849997685916
721,"/","POS_A",0.0408174669881
722,".","POS_A",0.0486880446287
723,"los","POS_A",-0.0457855924189
724,"ganas","POS_A",0.331988335094
725,"@lericamusic","POS_A",5.22483024191e-15
726,"orgullosa de","POS_A",5.99434341232e-06
727,"te","POS_A",0.0572270188451
728,"años","POS_A",0.147457311654
729,"vamos","POS_A",0.156342913065
730,"yo","POS_A",-0.0776047108807
731,"mierda","POS_A",-0.381041466889
732,"lado","POS_A",0.152852110153
733,"de la","POS_A",-0.0853194000159
734,"orgullosa","POS_A",0.086230270164
735,"que","POS_A",-0.0919495618506
736,"son","POS_A",0.266223858464
737,"a","POS_A",0.015159396077
738,"gracias","POS_A",0.42274472148
739,"_intercept","POS_A",3.41451780418
740,"no","POS_A",-0.144829965319
741,"mi","POS_A",0.135113596777
742,"o","POS_A",-0.173394177952
743,"un","POS_A",0.074722110541
744,"! !","POS_A",0.00892315226548
745,"y","POS_A",0.0737468236234
746,"? ?","POS_A",0.141990827984
747,"gana","NEG_A",-0.188143554418
748,":(","NEG_A",0.857811608177
749,"los que","NEG_A",-0.106006960435
750,"<newline>","NEG_A",-0.0824192806859
751,"tener","NEG_A",-0.112193880651
752,"a la","NEG_A",-0.192981633152
753,"con la","NEG_A",0.219077541237
754,"jeje","NEG_A",-0.0432030996394
755,"estoy","NEG_A",0.322600542226
756,"menos","NEG_A",0.227934199705
757,"parados","NEG_A",3.11305902597e-14
758,"va a","NEG_A",0.0190123003905
759,"quiero","NEG_A",-0.207738491929
760,"ver","NEG_A",-0.135582965446
761,"y no","NEG_A",0.155234010247
762,"vida","NEG_A",-0.369820585046
763,"tu","NEG_A",-0.0670230122624
764,",","NEG_A",0.0444213851227
765,"para el","NEG_A",-0.0133043569899
766,"igual","NEG_A",0.0386968566446
767,"madre","NEG_A",0.20046039384
768,"hay","NEG_A",0.153189531128
769,"nadie","NEG_A",0.301115609846
770,"@rubiu5","NEG_A",-0.157186612161
771,"no se","NEG_A",-0.00892712880382
772,"te","NEG_A",-0.0677453787694
773,"...","NEG_A",0.117358703603
774,"yo","NEG_A",0.154353843751
775,"ya","NEG_A",-0.0185087362311
776,"nada","NEG_A",0.165228016408
777,"de","NEG_A",-0.102709160614
778,"triste","NEG_A",1.45447956054
779,"miedo","NEG_A",0.220948217719
780,"tanto","NEG_A",0.0867393954361
781,"odio","NEG_A",1.36954001232
782,"nos","NEG_A",0.00290270525536
783,"https://t.co","NEG_A",-0.0783147321891
784,"mañana","NEG_A",-0.0499856124973
785,"peor","NEG_A",0.214691562413
786,"mantiene igual","NEG_A",5.92963623994e-16
787,"todos los","NEG_A",-0.00239763809321
788,"cosas","NEG_A",0.164274029418
789,"una de","NEG_A",-0.546662247837
790,"ganas","NEG_A",-0.00324373648858
791,"alguien","NEG_A",0.155151876119
792,"gran","NEG_A",-0.155162366909
793,"el","NEG_A",0.0652623963283
794,"paro sube","NEG_A",0.182808443047
795,"bueno","NEG_A",-0.348900746208
796,"pasa","NEG_A",0.35207606962
797,"madrid","NEG_A",-0.0674718820226
798,"paso","NEG_A",0.0871892335364
799,"septiembre","NEG_A",-0.0159342951205
800,"toda","NEG_A",0.0523370361862
801,"eres","NEG_A",0.25611359149
802,"igual durante","NEG_A",0.000202708132729
803,"pues","NEG_A",-0.00296804543563
804,"nunca","NEG_A",0.337720003485
805,"tienen","NEG_A",-0.026185537639
806,", es","NEG_A",-0.185068540426
807,"/","NEG_A",-0.265517309174
808,"bien","NEG_A",-0.258451922208
809,"llorar","NEG_A",1.22912113271
810,"el numero","NEG_A",5.92963623994e-16
811,", porque","NEG_A",0.185176786194
812,"nos ha","NEG_A",0.232377860873
813,"?","NEG_A",-0.157497982365
814,"t","NEG_A",0.0387497998243
815,"foto","NEG_A",0.378844536272
816,"me encanta","NEG_A",-0.0174001435353
817,"agosto","NEG_A",0.229664156875
818,"público","NEG_A",0.134805550751
819,"puede","NEG_A",-0.259276058498
820,"le","NEG_A",0.284331967064
821,"que","NEG_A",0.118743029973
822,"de parados","NEG_A",5.92963623994e-16
823,"nueva","NEG_A",-0.299638263462
824,"no me","NEG_A",0.0803869293151
825,"día","NEG_A",0.137874960639
826,"gusta","NEG_A",-0.491887024047
827,"y el","NEG_A",0.191115421072
828,"luego","NEG_A",0.278908432307
829,"? ?","NEG_A",-0.0577291999895
830,"ahora","NEG_A",0.00734174642663
831,"y que","NEG_A",-0.0522511365876
832,"una","NEG_A",0.0877465583425
833,"algo","NEG_A",0.215849766133
834,"misma","NEG_A",0.0224482410823
835,"os","NEG_A",-0.0841151157751
836,"con","NEG_A",-0.0302471092345
837,"es muy","NEG_A",0.144987149896
838,"hay que","NEG_A",0.24329109608
839,"este","NEG_A",-0.218406431914
840,"por","NEG_A",0.0729004120886
841,"y la","NEG_A",0.155276097124
842,"mucho","NEG_A",0.126843397153
843,"sube","NEG_A",0.260372057172
844,"buenas","NEG_A",-0.265749273374
845,"tonto","NEG_A",0.641520631065
846,"siempre","NEG_A",0.0568960453242
847,"""","NEG_A",0.136276194086
848,"..","NEG_A",0.127674718896
849,".","NEG_A",0.0829296556705
850,"los","NEG_A",0.239711792742
851,"puta","NEG_A",2.11089608047
852,"agosto (","NEG_A",0.00084609591141
853,"puto","NEG_A",0.776150603021
854,"encanta","NEG_A",-0.357988781277
855,"para","NEG_A",-0.019724551028
856,"con las","NEG_A",0.0261427687934
857,"cojones","NEG_A",0.146803532908
858,"pueden","NEG_A",0.0029756823562
859,"te lo","NEG_A",-0.0118478130818
860,"… https://t.co","NEG_A",-0.278084717019
861,"mantiene","NEG_A",1.77889087198e-15
862,"jueves","NEG_A",-0.134308528423
863,"es una","NEG_A",-0.00219394704439
864,"me","NEG_A",0.315219430985
865,"gracias","NEG_A",-0.768955461945
866,"casa","NEG_A",0.158574299697
867,"_intercept","NEG_A",2.48213117925
868,"sube un","NEG_A",0.00181916705626
869,"é","NEG_A",0.29637524151
870,"paro baja","NEG_A",-0.34637865182
871,"....","NEG_A",0.0678299645618
872,"baja un","NEG_A",-2.06174448343e-14
873,"malo","NEG_A",0.111942759451
874,"un","NEG_A",0.18082533763
875,"del","NEG_A",-0.0375045563637
876,"es que","NEG_A",0.127322308244
877,"necesito","NEG_A",0.108364544701
878,"va","NEG_A",0.235959290304
879,"dan","NEG_A",0.636141410725
880,"... ?","NEG_A",0.309943873191
881,"feliz","NEG_A",-0.146378337541
882,"esto","NEG_A",0.110301367353
883,"si te","NEG_A",0.0729779718666
884,"al","NEG_A",0.0279439244595
885,"tengo","NEG_A",0.103770613401
886,"mejor","NEG_A",-0.226059297593
887,"mola","NEG_A",-0.0806904238354
888,"de los","NEG_A",-0.0615223767838
889,"!","NEG_A",-0.541478159177
890,"se mantiene","NEG_A",2.37185449598e-14
891,"no","NEG_A",0.643962232256
892,"#tdr","NEG_A",0.443963282258
893,"numero de","NEG_A",5.92963623994e-16
894,"pasar","NEG_A",-0.176423506749
895,"mi","NEG_A",-0.0477406750811
896,"mis","NEG_A",0.0453944694693
897,"años","NEG_A",-0.456266953647
898,"sin","NEG_A",0.235865632516
899,"tiempo","NEG_A",0.0375416832232
900,"noche","NEG_A",-0.0154487538141
901,", que","NEG_A",0.144646323584
902,"mierda","NEG_A",1.69478059504
903,"numero","NEG_A",0.165204480932
904,"jajaja","NEG_A",-0.377596345132
905,"no ?","NEG_A",-0.156260802473
906,"de verdad","NEG_A",0.251268655289
907,"con los","NEG_A",-0.177132234273
908,"mal","NEG_A",0.932146580273
909,"parados se","NEG_A",5.92963623994e-16
910,"las","NEG_A",0.0354134695657
911,", se","NEG_A",0.12184693784
912,"! !","NEG_A",-0.0584101044576
913,"q","NEG_A",0.0933982373382
914,"primera","NEG_A",-0.00510283812192
915,"si","NEG_A",0.0173327796406
916,"de la","NEG_A",-0.0831717204798
917,"vaya","NEG_A",0.254768047363
918,"( 2015","NEG_A",0.000354383054966
919,"y","NEG_A",0.0653935404266
920,"dos","NEG_A",-0.0215876349775
921,"se","NEG_A",-0.000183176729283
922,"jaja","NEG_E",-0.222803417051
923,":(","NEG_E",0.161066439506
924,":)","NEG_E",-0.0492319308421
925,"<newline>","NEG_E",-0.0990934782063
926,"vuestro","NEG_E",-0.230382181092
927,"entrevista","NEG_E",-0.0932997505108
928,"menos","NEG_E",0.175713199407
929,"/","NEG_E",-0.20387575893
930,"liam","NEG_E",-0.0263065851364
931,"me apetece","NEG_E",1.46251538068e-05
932,"mundo .","NEG_E",0.175913519338
933,"igual","NEG_E",0.0394855795656
934,"para mi","NEG_E",-0.0592091917487
935,"decir","NEG_E",-0.11784198641
936,"ti","NEG_E",-0.059761373144
937,"te","NEG_E",-0.0244173312548
938,"cómo","NEG_E",0.0429871387846
939,"fan","NEG_E",-0.0113199240457
940,"peor","NEG_E",0.537874073213
941,"todos los","NEG_E",0.0932952507304
942,"http://t.co","NEG_E",-0.0249440009521
943,"que hacer","NEG_E",0.0239755916204
944,"meses","NEG_E",0.00108603927516
945,"a mis","NEG_E",0.00354116899827
946,"mundo y","NEG_E",0.178595654812
947,"y la","NEG_E",0.0986915382471
948,"paso","NEG_E",0.183525806199
949,"diga que","NEG_E",-0.188176658131
950,"vía","NEG_E",-0.0749258039579
951,"que estoy","NEG_E",-0.457546096841
952,"video","NEG_E",-0.163062659178
953,"sólo","NEG_E",0.0462381417812
954,"y me","NEG_E",0.141887196272
955,"gilipollas","NEG_E",0.107370635194
956,"con los","NEG_E",-0.155109200285
957,"difícil","NEG_E",0.0682472392047
958,"aburrimiento","NEG_E",3.31986856304
959,"culo","NEG_E",0.165228812405
960,"cabeza","NEG_E",0.119372370654
961,"agosto","NEG_E",0.0108851395249
962,"sigues","NEG_E",-0.0296077291034
963,"por qué","NEG_E",-0.0329315855278
964,"vale","NEG_E",-0.183933036051
965,"si no","NEG_E",0.213935800976
966,"día","NEG_E",0.262483294361
967,"instituto","NEG_E",0.388886971878
968,"pero es","NEG_E",0.314378335634
969,"sabe","NEG_E",-0.210844505731
970,"gracias por","NEG_E",-0.00542572119057
971,"yo como","NEG_E",0.143253735258
972,"escuchar","NEG_E",-0.0115537634396
973,"buenas","NEG_E",-0.182690911342
974,"siempre","NEG_E",0.05899038731
975,"&","NEG_E",-0.00525733014696
976,"vivir","NEG_E",0.141362414999
977,"tienes que","NEG_E",-0.0785494742607
978,"no me","NEG_E",0.133659785651
979,"te quiero","NEG_E",-0.0944092594145
980,"con las","NEG_E",0.200001590552
981,"cojones","NEG_E",0.0253384384632
982,"mira","NEG_E",0.00104749532212
983,"vuelta","NEG_E",0.0208036839777
984,"creo que","NEG_E",0.0199166588917
985,"verano","NEG_E",0.200352312262
986,"me","NEG_E",0.26212274699
987,"mi","NEG_E",0.0891369859655
988,"malo","NEG_E",0.539256058686
989,"del","NEG_E",0.0314719409657
990,"sí","NEG_E",-0.141749037296
991,"el tema","NEG_E",0.844842185825
992,"tampoco","NEG_E",0.0342106890947
993,"mala","NEG_E",0.00602100233183
994,"… https://t.co","NEG_E",-0.0622143745038
995,"me lo","NEG_E",-0.313268743638
996,"tan","NEG_E",0.0454922786096
997,"yo la","NEG_E",0.00629708455714
998,"!","NEG_E",-0.245908699325
999,"no saber","NEG_E",0.106765521239
1000,"1","NEG_E",-0.132883528774
1001,"nombre","NEG_E",-0.0310966122323
1002,"años","NEG_E",0.0017333727044
1003,"jajaja","NEG_E",-0.286435585356
1004,"não","NEG_E",0.312790488512
1005,"de verdad","NEG_E",0.0761510069634
1006,"mal","NEG_E",0.463126627758
1007,"las","NEG_E",0.0040681015314
1008,"a","NEG_E",-0.00655696553321
1009,"aburre","NEG_E",0.107713582868
1010,", se","NEG_E",0.0871054872459
1011,"la tarde","NEG_E",0.0508372397268
1012,"su","NEG_E",-0.00389837739968
1013,"aburro","NEG_E",0.0948452148819
1014,"q","NEG_E",0.106393414014
1015,"primera","NEG_E",-0.347448764557
1016,"de la","NEG_E",-0.0720428864161
1017,"grande","NEG_E",-0.0290457806461
1018,"la misma","NEG_E",0.27904820264
1019,"jajajaj","NEG_E",-0.0371338313598
1020,"de lo","NEG_E",0.0943818485928
1021,"se","NEG_E",0.0219251065512
1022,"directo","NEG_E",-0.100528291745
1023,"que soy","NEG_E",0.0643827257015
1024,"recuerdos","NEG_E",0.457018740874
1025,"una mierda","NEG_E",0.371210116386
1026,"va a","NEG_E",0.0532196582567
1027,"no voy","NEG_E",0.0311109887611
1028,"mejores","NEG_E",-0.00974161786302
1029,"la","NEG_E",0.0481400818219
1030,"lo","NEG_E",-0.0627553942035
1031,"gente","NEG_E",0.242256028747
1032,"saber que","NEG_E",0.263198896012
1033,"de menos","NEG_E",0.00688799901023
1034,"puedo con","NEG_E",0.342447697375
1035,"pena","NEG_E",0.287829832835
1036,"creo","NEG_E",0.0543794964209
1037,"no se","NEG_E",-0.0875660302481
1038,"menos a","NEG_E",0.14194784926
1039,"ya","NEG_E",0.0817280081615
1040,"dan","NEG_E",0.286292599123
1041,"miedo","NEG_E",0.374511839802
1042,"dar","NEG_E",0.00330466942635
1043,"qué","NEG_E",0.315756991385
1044,"odio","NEG_E",1.05139025048
1045,"mañana","NEG_E",0.0440742122048
1046,"se me","NEG_E",0.312557825311
1047,"desde","NEG_E",-0.0180618720712
1048,"a ver","NEG_E",0.0187302456944
1049,"el","NEG_E",-0.0521465466737
1050,"en","NEG_E",-0.010628070243
1051,"bueno","NEG_E",-0.292306328876
1052,"eh","NEG_E",0.128697671775
1053,"teléfono","NEG_E",0.44519159552
1054,"buena","NEG_E",-0.218122325484
1055,"todo","NEG_E",0.0388074236119
1056,"clases","NEG_E",0.130786565196
1057,", me","NEG_E",-0.0684522889205
1058,"el lunes","NEG_E",0.140625735618
1059,"tenido","NEG_E",0.0809186369123
1060,"poco","NEG_E",0.111178333223
1061,"( 2015","NEG_E",0.112651158215
1062,"? que","NEG_E",-0.0742253855108
1063,"contigo","NEG_E",-0.135804869568
1064,"la semana","NEG_E",0.112486694718
1065,"vete","NEG_E",0.822657458327
1066,"tienen","NEG_E",-0.0700566483265
1067,"que","NEG_E",0.101656265492
1068,"van","NEG_E",0.0192181396973
1069,"vergüenza","NEG_E",0.372782156254
1070,"llorando","NEG_E",0.544312351954
1071,"gusta","NEG_E",-0.00588757307077
1072,"luego","NEG_E",0.272080646201
1073,"apetece","NEG_E",0.12487157866
1074,"y que","NEG_E",-0.0655485161562
1075,"mucha","NEG_E",-0.00160393688145
1076,"está","NEG_E",0.12395525389
1077,"xd","NEG_E",-0.10775415608
1078,"cada","NEG_E",-0.0343051958952
1079,"rutina","NEG_E",0.439550988021
1080,"""","NEG_E",0.017663212816
1081,"aire","NEG_E",0.0933255633958
1082,"están","NEG_E",0.173176455939
1083,"realidad","NEG_E",0.0237955527102
1084,"las 7","NEG_E",0.0295256640174
1085,"contra","NEG_E",0.269752798466
1086,"final","NEG_E",-0.134665221791
1087,"en un","NEG_E",0.0543061850565
1088,"más","NEG_E",-0.0788265391416
1089,"para","NEG_E",-0.095738249122
1090,"asco","NEG_E",1.19423322314
1091,"es una","NEG_E",-0.0918367465249
1092,"que si","NEG_E",-0.0448508520183
1093,"_intercept","NEG_E",1.67362962208
1094,"mierda","NEG_E",1.65468032925
1095,"este","NEG_E",0.0409437385036
1096,"esta","NEG_E",-0.086029078626
1097,"... ?","NEG_E",0.449997975623
1098,"esto","NEG_E",0.202641702617
1099,"falso","NEG_E",0.148969605539
1100,"de los","NEG_E",-0.0543125071467
1101,"enserio","NEG_E",0.0400674951568
1102,"y por","NEG_E",-0.107728215057
1103,"sitio","NEG_E",0.232758879802
1104,"mio","NEG_E",0.502980647334
1105,"vaya","NEG_E",0.525596389622
1106,". ?","NEG_E",0.0183416343026
1107,"clase","NEG_E",0.157474249287
1108,"... y","NEG_E",-0.267538223254
1109,"jajajaja","NEG_E",-0.0643629009734
1110,"duele","NEG_E",0.59108860312
1111,"alguna","NEG_E",-0.152649511185
1112,"! !","NEG_E",-0.0239430984592
1113,"! ?","NEG_E",0.0803559495656
1114,"tener","NEG_E",-0.0526916576495
1115,"mañana al","NEG_E",1.21277792942
1116,"estoy","NEG_E",0.549855583917
1117,"él","NEG_E",-0.121002880877
1118,"hace","NEG_E",-0.130677506939
1119,"serio","NEG_E",0.289405384785
1120,"dice","NEG_E",-0.0376562755189
1121,"tiro","NEG_E",0.0583778349121
1122,"bien","NEG_E",-0.160210469077
1123,"nadie","NEG_E",0.585150186731
1124,"pensar","NEG_E",0.190264732249
1125,"libro","NEG_E",-0.0806478820855
1126,"porque","NEG_E",0.106697697623
1127,"a mi","NEG_E",-0.0800882960918
1128,"de","NEG_E",-0.0288965783143
1129,"que hay","NEG_E",0.304435269587
1130,"vez que","NEG_E",-0.00114776889432
1131,"gran","NEG_E",-0.149367748348
1132,"verdad","NEG_E",0.309910984542
1133,"dejado","NEG_E",0.295544203284
1134,"paro sube","NEG_E",1.45013264064
1135,"perdido","NEG_E",0.396280341967
1136,"si me","NEG_E",-0.161317127074
1137,"sea","NEG_E",-0.0794352075048
1138,"mereces","NEG_E",0.072234555934
1139,"juego","NEG_E",-0.0613642994624
1140,"3","NEG_E",-0.030297200461
1141,"estas","NEG_E",0.317491055584
1142,"llorar","NEG_E",0.966291308159
1143,"todo el","NEG_E",0.116250430313
1144,"alguien","NEG_E",0.263715305781
1145,"solo","NEG_E",0.115352981866
1146,"a tu","NEG_E",0.228125272786
1147,"dinero","NEG_E",0.122077666993
1148,"tema","NEG_E",0.24325138543
1149,"sola","NEG_E",0.370485945453
1150,"a ti","NEG_E",-0.194133363352
1151,"el que","NEG_E",-0.0229814141385
1152,"y el","NEG_E",0.11242709803
1153,"conmigo","NEG_E",0.0893694422089
1154,"ahora","NEG_E",-0.00411757858557
1155,"concierto","NEG_E",-0.143704437489
1156,"el culo","NEG_E",0.0368766649294
1157,"que no","NEG_E",0.120172323818
1158,"con","NEG_E",-0.0207697545447
1159,"y no","NEG_E",0.444561240301
1160,"cuando","NEG_E",-0.0204509521073
1161,". me","NEG_E",-0.00371010925486
1162,"un día","NEG_E",0.000680298450324
1163,".","NEG_E",0.0144235798737
1164,"pa","NEG_E",0.0144250401508
1165,"puta","NEG_E",0.937322670331
1166,"feliz","NEG_E",-0.295272492999
1167,"puto","NEG_E",0.11200060495
1168,"partido","NEG_E",-0.136076070162
1169,"de salir","NEG_E",0.216974540117
1170,"gracias","NEG_E",-0.22919023231
1171,", no","NEG_E",0.0109496827767
1172,"como me","NEG_E",0.0435735933609
1173,"soporto","NEG_E",0.226750259201
1174,"va","NEG_E",0.0905815061349
1175,"ir","NEG_E",0.00768152232654
1176,"si te","NEG_E",0.042486302935
1177,", al","NEG_E",0.0028167689498
1178,"... <newline>","NEG_E",0.0890153774807
1179,"2015 )","NEG_E",5.97495329153e-16
1180,"sois","NEG_E",0.405347427994
1181,"fácil","NEG_E",0.0290205340186
1182,"a su","NEG_E",0.357532079704
1183,"no soy","NEG_E",-0.269243836278
1184,")","NEG_E",-0.141805634726
1185,"no quiero","NEG_E",0.478623704111
1186,"es como","NEG_E",0.0604259974019
1187,"nada","NEG_E",0.127813924855
1188,"todos","NEG_E",0.0977295119095
1189,"tiempo","NEG_E",0.205634463777
1190,"ella","NEG_E",-0.178504986052
1191,", ""","NEG_E",0.0636636754265
1192,"la cabeza","NEG_E",0.115234059141
1193,"portal","NEG_E",0.097340862414
1194,"año","NEG_E",-0.226811931023
1195,"estado","NEG_E",0.289290449222
1196,"me siento","NEG_E",0.110642957775
1197,"haga","NEG_E",0.03444985715
1198,"por favor","NEG_E",0.0967036907579
1199,"y","NEG_E",-0.000945845488465
1200,"alguien me","NEG_E",0.598357211698
1201,"mientras","NEG_E",-0.0420481675298
1202,"lo mejor","NEG_E",-0.026091337619
1203,"joder","NEG_E",0.298694931285
1204,"dais","NEG_E",0.0672492865568
1205,"quiero","NEG_E",-0.0327958295793
1206,"han","NEG_E",0.144071922076
1207,"quiere","NEG_E",-0.160840955806
1208,"quiera","NEG_E",0.0234149472159
1209,"para el","NEG_E",-0.0430554883055
1210,"hay","NEG_E",0.198072228956
1211,"con un","NEG_E",0.118058612191
1212,"@rubiu5","NEG_E",-0.207368333517
1213,"real","NEG_E",-0.0952866528417
1214,"...","NEG_E",0.044512827641
1215,"quitado","NEG_E",0.168370966869
1216,"mujer","NEG_E",-0.0353020292632
1217,"amo","NEG_E",-0.177317173714
1218,"por","NEG_E",0.00463524070994
1219,"triste","NEG_E",1.19324591483
1220,"volver","NEG_E",0.0213064156601
1221,"con la","NEG_E",0.166918382157
1222,"gente que","NEG_E",1.3291008634e-05
1223,"a dormir","NEG_E",0.307974779117
1224,"móvil","NEG_E",0.146843723973
1225,"niña","NEG_E",-0.0694444552665
1226,"cosas","NEG_E",0.0610307656614
1227,"ninguna","NEG_E",0.1063513999
1228,"en serio","NEG_E",0.0528368831377
1229,"amor","NEG_E",-0.0104567174733
1230,"madrid","NEG_E",-0.0265241321917
1231,"twitter","NEG_E",0.02650693094
1232,"conmigo .","NEG_E",1.46713809024
1233,"es muy","NEG_E",0.354175480938
1234,"que la","NEG_E",-0.0417463360006
1235,"ese","NEG_E",-0.0435722721689
1236,", porque","NEG_E",0.165192066501
1237,"?","NEG_E",-0.192447078734
1238,"encima","NEG_E",0.157317659633
1239,"puede","NEG_E",-0.045296987684
1240,"nuevo","NEG_E",-0.192722352434
1241,"otra vez","NEG_E",0.300788133951
1242,";)","NEG_E",-0.259937188411
1243,"no puedo","NEG_E",0.265078281393
1244,"verdad no","NEG_E",0.0111689023394
1245,"justin","NEG_E",-0.148389747183
1246,"que es","NEG_E",-0.0777126269935
1247,"o","NEG_E",0.061466627832
1248,"que en","NEG_E",0.189716973805
1249,"? .","NEG_E",0.372661190485
1250,"esperar","NEG_E",0.0151099603307
1251,"os","NEG_E",-0.00969824791658
1252,"de estar","NEG_E",0.0265051448876
1253,"ya no","NEG_E",0.0932290710972
1254,"bajón","NEG_E",1.21896651328
1255,"patético","NEG_E",0.301939901265
1256,"morir","NEG_E",0.349351176614
1257,"donde","NEG_E",-0.0438335225828
1258,"soy","NEG_E",-0.00521375741369
1259,"guarra","NEG_E",0.073948536331
1260,"..","NEG_E",0.130697386007
1261,"en la","NEG_E",0.0122919106904
1262,"lol","NEG_E",-0.111263410087
1263,"los","NEG_E",0.00768997193139
1264,"que se","NEG_E",0.0797287621567
1265,"de mi","NEG_E",-0.00826946630188
1266,"que empiezo","NEG_E",0.475466756642
1267,":","NEG_E",-0.0365875561466
1268,"encanta","NEG_E",-0.478170159085
1269,"dormir","NEG_E",0.134520236333
1270,"me va","NEG_E",0.158608857013
1271,"hacer ....","NEG_E",0.335100325565
1272,"en el","NEG_E",0.170247117441
1273,"ha","NEG_E",-0.0619753632256
1274,"odio a","NEG_E",0.122940825713
1275,"sube un","NEG_E",1.6179502369e-14
1276,"no te","NEG_E",0.0105646816912
1277,"....","NEG_E",0.0446313167864
1278,"vivo","NEG_E",0.393038821735
1279,"un","NEG_E",0.0570165652697
1280,"es que","NEG_E",0.267790244139
1281,"pero que","NEG_E",0.00362192528579
1282,"genial","NEG_E",-0.190496388603
1283,"seguro","NEG_E",-0.0434589632736
1284,"una persona","NEG_E",0.226306914892
1285,"me da","NEG_E",0.103310542554
1286,"llevo","NEG_E",0.0699465703542
1287,"voy a","NEG_E",0.269142635241
1288,"tengo","NEG_E",0.129767481372
1289,"barcelona","NEG_E",-0.0603020169342
1290,"mejor","NEG_E",-0.242370397348
1291,"un abrazo","NEG_E",-0.0683465156628
1292,"ni","NEG_E",0.184025915906
1293,"españa","NEG_E",-0.0648759176867
1294,"no","NEG_E",0.364701359262
1295,"na","NEG_E",-0.0692361776024
1296,"visto","NEG_E",-0.028404201561
1297,"besos","NEG_E",-0.106995157034
1298,"no ,","NEG_E",-0.0400560018259
1299,". tengo","NEG_E",0.439554171422
1300,"no ?","NEG_E",-0.378812345039
1301,"siento","NEG_E",0.247498088431
1302,"e","NEG_E",-0.071644526934
1303,"dicho","NEG_E",-0.0569755751496
1304,". el","NEG_E",-0.072093359601
1305,"mi vida","POS_E",0.178902813875
1306,":(","POS_E",-0.0576321471041
1307,"<newline>","POS_E",0.0740500812413
1308,"tener","POS_E",0.00898168594901
1309,"que a","POS_E",-0.0424748420261
1310,". https://t.co","POS_E",0.0130590341846
1311,"lo mejor","POS_E",0.169090404947
1312,"estoy","POS_E",0.0685408023572
1313,", es","POS_E",0.00395314433927
1314,"verdad","POS_E",-0.0190956908945
1315,"hacia","POS_E",0.317534493028
1316,"mejores","POS_E",0.488675698207
1317,"le","POS_E",-0.0552915509856
1318,"20","POS_E",-0.0836012230325
1319,"dice","POS_E",-0.162046367307
1320,"la","POS_E",0.0171157988116
1321,"lo","POS_E",0.0736553040888
1322,"vida","POS_E",0.437988458765
1323,"tu","POS_E",0.0772289258421
1324,",","POS_E",0.0631963920587
1325,"otra","POS_E",0.0255344862897
1326,"igual","POS_E",-0.081582105013
1327,"que ganas","POS_E",0.0735805136207
1328,"hay","POS_E",-0.160840349421
1329,"nadie","POS_E",-0.241578078943
1330,"de menos","POS_E",0.54669638018
1331,"@rubiu5","POS_E",0.113548007743
1332,"ti","POS_E",0.481238610033
1333,"no se","POS_E",0.0555960273419
1334,"te","POS_E",0.164313388488
1335,"fin","POS_E",0.292047237303
1336,"estoy en","POS_E",0.00979667758246
1337,"...","POS_E",-0.107889279669
1338,"bueno ,","POS_E",-0.0324513723408
1339,"ganas de","POS_E",0.486405710787
1340,"esa","POS_E",-0.193695171694
1341,"yo","POS_E",0.0943623689615
1342,"tantas","POS_E",-0.0953514261795
1343,"ya","POS_E",0.0482183430887
1344,"escuchar","POS_E",0.158372704908
1345,"? <newline>","POS_E",0.0254824307489
1346,"de","POS_E",0.0480993316254
1347,"gracias a","POS_E",0.766606931362
1348,", y","POS_E",0.0562807532197
1349,"tierra","POS_E",0.140745747535
1350,"ha dicho","POS_E",-0.0244540489296
1351,"con la","POS_E",-0.101320734526
1352,"qué","POS_E",-0.129864093715
1353,"de ver","POS_E",0.1531785406
1354,"mucho","POS_E",0.191451926095
1355,"\","POS_E",2.21411559043e-06
1356,"mi niña","POS_E",0.238346337019
1357,"nos","POS_E",0.200170664542
1358,"y si","POS_E",-0.117210885463
1359,"https://t.co","POS_E",0.0190434840122
1360,"niño","POS_E",0.0320161829144
1361,"mañana","POS_E",0.162929988839
1362,"mientras","POS_E",0.128057953463
1363,"a hacer","POS_E",-0.0737739278367
1364,"niña","POS_E",0.530982924062
1365,", lo","POS_E",0.0303898432716
1366,"http://t.co","POS_E",0.18661117328
1367,"ganas","POS_E",0.201457443856
1368,"elegir","POS_E",0.0720965423075
1369,"gran","POS_E",0.377975121588
1370,"amor","POS_E",0.42737029188
1371,"pedir","POS_E",0.0970758162159
1372,"a ver","POS_E",-0.10833541295
1373,"hora","POS_E",0.311213647705
1374,"el","POS_E",-0.019991313331
1375,"paro sube","POS_E",-0.0416455033724
1376,"en","POS_E",0.0513442633551
1377,"bueno","POS_E",0.0756072942644
1378,"ser","POS_E",0.200638345209
1379,"arte","POS_E",0.114876955617
1380,"....","POS_E",-0.102409231176
1381,"buena","POS_E",0.202930342167
1382,"y lo","POS_E",0.127348779263
1383,"tiempo","POS_E",0.158495860354
1384,"canción","POS_E",0.0281790076837
1385,"haber","POS_E",0.169794518898
1386,"buenas","POS_E",0.122776672206
1387,"baja un","POS_E",2.72368179845e-15
1388,"persona","POS_E",0.0943075832473
1389,"sea","POS_E",0.174324155195
1390,"es","POS_E",0.00874572708626
1391,"es mejor","POS_E",-0.22258515696
1392,"rt","POS_E",-0.115997192722
1393,"venga","POS_E",0.0793064311481
1394,"+","POS_E",0.070501806895
1395,"empezar","POS_E",0.087918461844
1396,"muy","POS_E",0.395280985795
1397,"4","POS_E",-0.263125665162
1398,"de ser","POS_E",0.292966587004
1399,"poco","POS_E",-0.0731407375283
1400,"bien","POS_E",0.256814784905
1401,"estar","POS_E",0.313198184151
1402,"estas","POS_E",-0.232401141813
1403,"sobre","POS_E",-0.0638175132664
1404,"@lericamusic","POS_E",1.13615299159e-14
1405,"eso","POS_E",-0.0533183180797
1406,"es la","POS_E",0.366887863967
1407,"contigo","POS_E",0.414991504544
1408,"dias","POS_E",0.220245452827
1409,"?","POS_E",-0.108034358903
1410,"viernes","POS_E",0.208109824893
1411,"tiene","POS_E",-0.0233586630574
1412,"muy bien","POS_E",0.0406944201927
1413,"me encanta","POS_E",0.0658018199932
1414,"y me","POS_E",0.0980222617096
1415,"es que","POS_E",-0.0905729318901
1416,"nuevo","POS_E",0.26377909528
1417,"quiero","POS_E",0.529222886747
1418,"más que","POS_E",-0.0514303666008
1419,"como","POS_E",0.0957996135482
1420,"muchas","POS_E",0.153028308986
1421,"pasado","POS_E",0.0090266797468
1422,". ?","POS_E",0.308841614394
1423,"día","POS_E",0.253082178236
1424,"instituto","POS_E",-0.143580444593
1425,"gusta","POS_E",0.0120192897512
1426,"luego","POS_E",-0.158638884081
1427,"esperamos","POS_E",0.189599566313
1428,"conmigo","POS_E",0.118843879655
1429,"o","POS_E",-0.00987885895681
1430,"también","POS_E",-0.0610316584939
1431,"hacerte","POS_E",0.0336982726082
1432,"(","POS_E",-0.129118391823
1433,"proyecto","POS_E",0.075255074431
1434,"? .","POS_E",-0.219022190853
1435,". http://t.co","POS_E",0.138645366873
1436,"de que","POS_E",0.00637800992054
1437,"que no","POS_E",0.00514499689739
1438,"con","POS_E",0.0322170388725
1439,"gracias por","POS_E",0.21978745781
1440,"mucha","POS_E",0.00845245413296
1441,"en la","POS_E",-0.106683496823
1442,"otro","POS_E",-0.0668704393182
1443,"está","POS_E",0.0920525456048
1444,"no tengo","POS_E",-0.139024507436
1445,"este","POS_E",0.121557776072
1446,"! <newline>","POS_E",-0.111290524222
1447,"cuando","POS_E",-0.0965074237632
1448,"xd","POS_E",-0.174195162868
1449,"son","POS_E",0.299942698354
1450,"a por","POS_E",0.340332074994
1451,"enhorabuena","POS_E",0.0787844019735
1452,"wilde","POS_E",0.00168903475508
1453,"#léricasegundoaniversario","POS_E",1.77064594005
1454,"a ser","POS_E",0.130841929386
1455,"hablar","POS_E",-0.0725453962721
1456,"tonto","POS_E",-0.201997358589
1457,"el domingo","POS_E",0.28910527199
1458,"ver a","POS_E",0.26881207905
1459,"tope","POS_E",0.268995344914
1460,"una persona","POS_E",0.105753841294
1461,"¡","POS_E",0.0454651722225
1462,"has","POS_E",-0.0810981125534
1463,"y no","POS_E",-0.255483032959
1464,"que estoy","POS_E",0.552509793752
1465,"fiestas","POS_E",0.0539556736052
1466,"bonito","POS_E",0.525421119254
1467,"pero","POS_E",-0.0310232344566
1468,"abrazo","POS_E",0.292523636354
1469,".","POS_E",0.0295314464291
1470,"pa","POS_E",-0.00487204145154
1471,"todas","POS_E",0.0817157499478
1472,"hasta","POS_E",0.0766318947691
1473,"tenemos","POS_E",0.148163163086
1474,"puta","POS_E",-0.418692560114
1475,"la vida","POS_E",0.260951827825
1476,"poder","POS_E",0.214176499714
1477,"trabajo","POS_E",0.0154287278547
1478,"encanta","POS_E",0.541485363166
1479,"para mi","POS_E",0.459817087693
1480,"más","POS_E",0.0977692344316
1481,"te quiero","POS_E",0.565209137012
1482,"muchas gracias","POS_E",0.168128893355
1483,"una hora","POS_E",0.174615611888
1484,"para","POS_E",0.14468392175
1485,"es de","POS_E",-0.0355817947736
1486,"te lo","POS_E",-0.0298302324308
1487,"momento","POS_E",0.201804171463
1488,"… https://t.co","POS_E",0.557192228976
1489,"espero","POS_E",0.0966798398252
1490,"digo","POS_E",-0.397211815838
1491,"familia","POS_E",0.0793570734538
1492,"cuanto","POS_E",0.255426344501
1493,"^","POS_E",0.263938545496
1494,"gracias","POS_E",0.354385027583
1495,"casa","POS_E",-0.116561322154
1496,"_intercept","POS_E",2.0551792828
1497,"de un","POS_E",0.0257774469048
1498,"paro baja","POS_E",1.0764903437
1499,"mi","POS_E",0.206315391821
1500,", no","POS_E",-0.050081818691
1501,"fue","POS_E",0.0612450510893
1502,"del","POS_E",-0.0342484268612
1503,"que nos","POS_E",0.00191011751771
1504,"pero que","POS_E",-0.00717684112858
1505,"es lo","POS_E",0.0429432369453
1506,"necesito","POS_E",0.25342270348
1507,"va","POS_E",0.0420055357875
1508,"? ?","POS_E",0.145274812867
1509,"esta","POS_E",0.121713514176
1510,"a mi","POS_E",-0.150662656149
1511,"feliz","POS_E",0.571708095737
1512,"voy a","POS_E",0.145860518173
1513,"al","POS_E",-0.00765995850407
1514,", a","POS_E",0.0742024075617
1515,". <newline>","POS_E",0.114853083164
1516,"tengo","POS_E",0.230739920219
1517,"mejor","POS_E",0.528406991472
1518,"pelo","POS_E",-0.190791678802
1519,"tal","POS_E",-0.042714451998
1520,"un abrazo","POS_E",0.388697548514
1521,"tan","POS_E",0.19218440298
1522,"importa","POS_E",0.279114108951
1523,"de los","POS_E",0.041445487856
1524,"!","POS_E",0.541364074627
1525,"tarde","POS_E",0.569127440681
1526,"enserio","POS_E",-0.0442809002911
1527,"amo","POS_E",0.652497077812
1528,"mio","POS_E",-0.256568771289
1529,"no","POS_E",-0.277814021591
1530,")","POS_E",-0.0355238939039
1531,"que yo","POS_E",-0.133998326004
1532,"-","POS_E",-0.0414224788918
1533,"los días","POS_E",0.128605904495
1534,". '","POS_E",0.285878171224
1535,":d","POS_E",0.00671963060334
1536,"hecho","POS_E",0.0226782892803
1537,"cual","POS_E",-0.0258561656007
1538,"\ '","POS_E",0.0110358314916
1539,"mis","POS_E",0.0696550171829
1540,"sin","POS_E",-0.0438483723399
1541,"todos","POS_E",0.0365119118524
1542,"hoy","POS_E",0.088471187014
1543,"2 años","POS_E",0.0202634113151
1544,"mas","POS_E",0.104827471658
1545,"toca","POS_E",0.0334832460145
1546,"noche","POS_E",0.206747836271
1547,", que","POS_E",0.0904915558051
1548,"ni","POS_E",-0.120503407829
1549,"el pelo","POS_E",-0.08050433586
1550,"mierda","POS_E",-0.389109937837
1551,"@davidauryn","POS_E",0.57028432749
1552,"sube un","POS_E",-2.05183664128e-14
1553,"vuelve","POS_E",0.183837459385
1554,"la gente","POS_E",-0.118853124112
1555,"que he","POS_E",0.0189594343386
1556,"de verdad","POS_E",0.0929573839187
1557,"año","POS_E",0.585757404553
1558,"a las","POS_E",0.0264707693587
1559,"mal","POS_E",-0.0286901956011
1560,"las","POS_E",0.00390050656936
1561,"a","POS_E",0.0377889354146
1562,"domingo","POS_E",0.395531517572
1563,"padre","POS_E",-0.0134963285691
1564,". es","POS_E",-0.231929363594
1565,"en tu","POS_E",-0.140618495358
1566,"! !","POS_E",0.200548266991
1567,"! …","POS_E",-0.022618865355
1568,"dicho","POS_E",-0.259735471745
1569,"q","POS_E",0.00861176581013
1570,"primera","POS_E",0.490342573602
1571,"si","POS_E",0.0297486213785
1572,"orgullosa","POS_E",0.229109075151
1573,"@el_intermedio","POS_E",-0.0838217005844
1574,"grande","POS_E",0.0197878751098
1575,"noches","POS_E",0.125192904859
1576,"se","POS_E",-0.0927773949852
1577,"tarde de","POS_E",0.4830729139
1578,"verdad","POS_M",0.0447898093389
1579,"él","POS_M",0.100534390299
1580,"quiero","POS_M",0.594259783628
1581,"la","POS_M",0.00932599212115
1582,"el mundo","POS_M",0.218977006485
1583,"(","POS_M",-0.109003495847
1584,"vida","POS_M",0.687263731343
1585,",","POS_M",0.0645664302355
1586,"#léricasegundoaniversario","POS_M",0.651282732835
1587,"personas","POS_M",0.0055031107774
1588,"te","POS_M",0.199062927761
1589,"de","POS_M",0.00128468475313
1590,"tanto","POS_M",0.221664831287
1591,"ganas","POS_M",0.130255289005
1592,"desde","POS_M",0.0364676630233
1593,"?","POS_M",-0.0576367046272
1594,"en","POS_M",-0.104328095721
1595,"ser","POS_M",0.184599116413
1596,"mi","POS_M",0.21299425963
1597,"todo","POS_M",0.11899930033
1598,"es","POS_M",0.0481301056807
1599,"nunca","POS_M",0.4610361674
1600,"/","POS_M",0.0733303686257
1601,"bien","POS_M",0.0774960558413
1602,"estar","POS_M",0.272247431062
1603,"@lericamusic","POS_M",4.97900472558e-15
1604,"eso","POS_M",-0.042405472234
1605,"contigo","POS_M",0.399685172125
1606,"alguien","POS_M",0.0760891195606
1607,"tus","POS_M",0.218195372703
1608,"le","POS_M",-0.158395350245
1609,"que","POS_M",0.0582013695821
1610,"no me","POS_M",-0.0826906084962
1611,"día","POS_M",0.0278820158409
1612,"veces","POS_M",0.263540575322
1613,"o","POS_M",-0.118308070421
1614,"una","POS_M",0.00037573110983
1615,"quien","POS_M",0.00649802278209
1616,"que no","POS_M",0.0231255668316
1617,"con","POS_M",-0.00668983314745
1618,"en la","POS_M",0.0036480319314
1619,", y","POS_M",0.0780913335389
1620,"xd","POS_M",-0.154124724345
1621,"son","POS_M",0.0692036605541
1622,"cada","POS_M",0.114395846129
1623,"siempre","POS_M",0.0347313772492
1624,"""","POS_M",0.0739944456132
1625,"bonito","POS_M",0.19713287746
1626,".","POS_M",0.17134516582
1627,":","POS_M",-0.0245901105833
1628,"trabajo","POS_M",0.148150930114
1629,"más","POS_M",0.152460850293
1630,"te quiero","POS_M",0.126272918356
1631,"ti","POS_M",0.232465869972
1632,"orgullosa","POS_M",0.434557363881
1633,"vuestro","POS_M",0.0342426371856
1634,"he","POS_M",0.0011443787047
1635,"me","POS_M",0.00896405362899
1636,"gracias","POS_M",0.393388740052
1637,"_intercept","POS_M",1.73829890153
1638,"lo que","POS_M",0.19371927947
1639,"....","POS_M",-0.0338103719764
1640,"un","POS_M",0.00948191947555
1641,"necesito","POS_M",0.155288921414
1642,"va","POS_M",-0.034173351224
1643,"genial","POS_M",0.200792704608
1644,"esta","POS_M",0.172093188068
1645,"feliz","POS_M",0.143667448335
1646,"… https://t.co","POS_M",0.373684621494
1647,"mundo","POS_M",0.0606223214676
1648,". <newline>","POS_M",0.115019445194
1649,"mejor","POS_M",0.373895137784
1650,"tan","POS_M",0.0496684074484
1651,"!","POS_M",0.263590498128
1652,"ni","POS_M",-0.0895092221961
1653,"españa","POS_M",-0.00407459571439
1654,"no","POS_M",-0.0903483748934
1655,"orgullosa de","POS_M",0.00602088594183
1656,"todos","POS_M",0.0825673069392
1657,"hoy","POS_M",0.124623867515
1658,"tiempo","POS_M",0.268755789077
1659,"persona","POS_M",0.0256438233881
1660,"noche","POS_M",0.014866386759
1661,"tambien","POS_M",0.0336653029124
1662,"año","POS_M",0.0979004362566
1663,"a","POS_M",0.0385125284202
1664,"su","POS_M",0.0444919361447
1665,"se","POS_M",-0.0508162530384
1666,":(","NEG_M",0.308581702806
1667,":)","NEG_M",-0.00653590527038
1668,"<newline>","NEG_M",-0.0825347436062
1669,"estoy","NEG_M",0.403550957786
1670,"verdad","NEG_M",0.133188431114
1671,"joder","NEG_M",0.105487654628
1672,"va a","NEG_M",0.123421789132
1673,"hoy no","NEG_M",0.525444439159
1674,"la","NEG_M",-0.0130293964997
1675,"lo","NEG_M",-0.0677760800115
1676,"gente","NEG_M",0.164470104717
1677,"tu","NEG_M",-0.105765495943
1678,",","NEG_M",-0.0550189279607
1679,"para el","NEG_M",-0.0177972688476
1680,"madre","NEG_M",0.114912373146
1681,"nadie","NEG_M",0.20584629002
1682,"@rubiu5","NEG_M",-0.0158586955394
1683,"pena","NEG_M",0.0230818713403
1684,"personas","NEG_M",-0.024639090381
1685,"porque","NEG_M",0.0197801047558
1686,"...","NEG_M",0.0887565891046
1687,"yo","NEG_M",-0.0167369287561
1688,"encuentro","NEG_M",0.193655904247
1689,"nada","NEG_M",0.0396617452605
1690,"de","NEG_M",-0.03154576214
1691,"triste","NEG_M",1.07424042065
1692,"miedo","NEG_M",0.377815499884
1693,"volver","NEG_M",0.111430931685
1694,"durante","NEG_M",0.0380141606785
1695,"qué","NEG_M",0.399463022888
1696,"odio","NEG_M",0.891744629498
1697,"peor","NEG_M",0.0944333786863
1698,"http://t.co","NEG_M",-0.0151761185422
1699,"cosas","NEG_M",0.159109651761
1700,"ganas","NEG_M",0.0739638936116
1701,"desde","NEG_M",-0.0745398866905
1702,"alguien","NEG_M",0.172897104762
1703,"gran","NEG_M",-0.0287664538066
1704,"momento","NEG_M",0.0557570104116
1705,"a ver","NEG_M",0.0163780049177
1706,"el","NEG_M",-0.0682859520427
1707,"en","NEG_M",-0.0477858649447
1708,"bueno","NEG_M",-0.0561660628448
1709,"buena","NEG_M",-0.0799212180815
1710,"y lo","NEG_M",-0.0133670042307
1711,"toda","NEG_M",0.166250000745
1712,"todo","NEG_M",0.114393146514
1713,"es","NEG_M",0.0625210022184
1714,"gilipollas","NEG_M",0.361134750549
1715,", me","NEG_M",-0.0928021486786
1716,"'","NEG_M",0.00109752288561
1717,"nunca","NEG_M",0.22170589164
1718,"/","NEG_M",-0.112439875101
1719,"ese","NEG_M",-0.0651840196058
1720,"estas","NEG_M",0.288866640766
1721,"sobre","NEG_M",-0.0120469151173
1722,"llorar","NEG_M",0.933386522051
1723,"?","NEG_M",-0.130833593923
1724,"puedo","NEG_M",0.126900394599
1725,"que","NEG_M",0.0642388936033
1726,"como","NEG_M",-0.0533433208284
1727,";)","NEG_M",-0.0315885331901
1728,"nueva","NEG_M",-0.0245949800353
1729,"día","NEG_M",0.291117258145
1730,"veces","NEG_M",0.0110353916222
1731,"luego","NEG_M",0.0530029141983
1732,"no es","NEG_M",0.0379841664739
1733,"quien","NEG_M",0.0997078137267
1734,", se","NEG_M",0.01943588157
1735,"con","NEG_M",-0.0394520053507
1736,"y no","NEG_M",0.0947870818277
1737,"por","NEG_M",-0.0124242105682
1738,"xd","NEG_M",-0.062775145505
1739,"mucho","NEG_M",-0.00952636924021
1740,"buenas","NEG_M",-0.0368959481986
1741,"de ti","NEG_M",0.011362528063
1742,"..","NEG_M",0.320671414903
1743,".","NEG_M",-0.00267486452079
1744,"puta","NEG_M",0.570853419752
1745,":","NEG_M",-0.0891846953395
1746,"me ha","NEG_M",0.0498671685725
1747,"más","NEG_M",0.0374334222419
1748,"te quiero","NEG_M",-0.0895557062128
1749,"en el","NEG_M",0.0974787859446
1750,"… https://t.co","NEG_M",0.0185816866845
1751,"asco","NEG_M",0.331672263958
1752,"gusta","NEG_M",-0.112763975211
1753,"creo que","NEG_M",0.0202215130062
1754,"verano","NEG_M",0.116274843513
1755,"me","NEG_M",0.0942052033157
1756,"gracias","NEG_M",-0.122363582508
1757,"casa","NEG_M",0.00624526136424
1758,"_intercept","NEG_M",1.5289028404
1759,"mierda","NEG_M",0.802214375937
1760,"haya","NEG_M",0.066572503741
1761,"del","NEG_M",-0.0164983583029
1762,"cabeza","NEG_M",0.231042027832
1763,"pero que","NEG_M",0.125763701827
1764,"necesito","NEG_M",0.061644096958
1765,"este","NEG_M",-0.0557902134424
1766,"esta","NEG_M",-0.103928859317
1767,"feliz","NEG_M",-0.122448655283
1768,"al","NEG_M",-0.0377854639071
1769,"mundo","NEG_M",0.0392640623379
1770,"me lo","NEG_M",-0.0277836755118
1771,"tengo","NEG_M",0.135089827228
1772,"mejor","NEG_M",-0.074000083247
1773,"tan","NEG_M",0.12108414426
1774,"voy","NEG_M",0.0225848780811
1775,"!","NEG_M",-0.185706072438
1776,"ni","NEG_M",0.0877047113535
1777,"enserio","NEG_M",0.159936757453
1778,"no","NEG_M",0.124626667599
1779,")","NEG_M",-0.169157129254
1780,"acabo","NEG_M",0.105384322672
1781,"-","NEG_M",-0.0903533452163
1782,"cuenta","NEG_M",0.0802288502458
1783,"de la","NEG_M",-0.0267794025922
1784,"todos","NEG_M",-0.0731641301212
1785,"la que","NEG_M",0.0871440927517
1786,"mas","NEG_M",-0.0403198458176
1787,", que","NEG_M",0.0206013504313
1788,"jajaja","NEG_M",-0.200857993008
1789,"a las","NEG_M",-0.00873192709104
1790,"mal","NEG_M",0.250425650523
1791,"las","NEG_M",-0.0285301615434
1792,"a","NEG_M",-0.00718868179833
1793,"mente","NEG_M",0.125255150154
1794,"su","NEG_M",-0.0956164259967
1795,"si","NEG_M",-0.00530625392158
1796,"doy","NEG_M",0.0186284876658
1797,"vaya","NEG_M",0.357466562201
1798,"y","NEG_M",-0.0260574176105
1799,"se","NEG_M",0.00599188199913
1800,", es","NEG_R",-0.214130203834
1801,"que yo","NEG_R",0.0932507171664
1802,":(","NEG_R",0.36858879543
1803,"<newline>","NEG_R",-0.0175339107866
1804,"tener","NEG_R",-0.0699114020817
1805,"dios","NEG_R",0.160805997853
1806,"estoy","NEG_R",0.318770243681
1807,"gana","NEG_R",0.0575769092627
1808,"verdad","NEG_R",0.233726555311
1809,"no ?","NEG_R",-0.0613777623666
1810,"hace","NEG_R",-0.149188298192
1811,"para el","NEG_R",-0.148064903255
1812,"va a","NEG_R",0.095430199696
1813,"le","NEG_R",0.0183825536426
1814,"ver","NEG_R",-0.0372773473925
1815,"dice","NEG_R",-0.0509695698964
1816,"el mundo","NEG_R",0.0146365148995
1817,"lo","NEG_R",-0.115257125137
1818,"gente","NEG_R",0.333608984382
1819,"tu","NEG_R",0.000829047678824
1820,",","NEG_R",-0.0299314107706
1821,"otra","NEG_R",0.00636121680962
1822,"hay","NEG_R",0.0816771061458
1823,"nadie","NEG_R",0.32187517999
1824,"@rubiu5","NEG_R",-0.256624584902
1825,"no se","NEG_R",-0.297117489467
1826,"te","NEG_R",0.02085335948
1827,"libro","NEG_R",-0.0371445319273
1828,"porque","NEG_R",0.0249626005971
1829,"...","NEG_R",0.107631756447
1830,"quitado","NEG_R",0.019587318863
1831,"estaba","NEG_R",-0.113562647091
1832,"amo","NEG_R",-0.182390008189
1833,"nada","NEG_R",0.163276710137
1834,"de","NEG_R",-0.033664426527
1835,"triste","NEG_R",1.957253639
1836,"miedo","NEG_R",0.0242104160043
1837,"durante","NEG_R",0.249269897828
1838,"dar","NEG_R",0.0588332409971
1839,"tanto","NEG_R",0.0824724900624
1840,"qué","NEG_R",0.00472982573326
1841,"odio","NEG_R",1.26240953958
1842,"que hay","NEG_R",0.0130681056689
1843,"mañana","NEG_R",-0.115898675483
1844,"peor","NEG_R",0.38895375619
1845,"gente que","NEG_R",0.0628923698456
1846,"cosas","NEG_R",0.0256895298792
1847,"una de","NEG_R",-0.0856730333882
1848,"desde","NEG_R",-0.0467070286973
1849,"en serio","NEG_R",0.00151751780236
1850,"yo no","NEG_R",0.158240554596
1851,". http://t.co","NEG_R",-0.0622976508773
1852,"el","NEG_R",-0.0400254260235
1853,"y la","NEG_R",0.0422566365182
1854,"en","NEG_R",-0.0536627461287
1855,"bueno","NEG_R",-0.280408057025
1856,"ser","NEG_R",0.0396401874243
1857,"esos","NEG_R",-0.141272676336
1858,"mierda","NEG_R",0.931633372998
1859,"boca","NEG_R",0.110497412242
1860,"toda","NEG_R",0.126729081412
1861,"video","NEG_R",-0.00293659232591
1862,"sea","NEG_R",-0.1097186916
1863,"relación","NEG_R",0.0106545822211
1864,"creo que","NEG_R",0.0724667949231
1865,"es","NEG_R",0.0313358710741
1866,"gilipollas","NEG_R",0.315205784393
1867,"pues","NEG_R",-0.141043100121
1868,"nunca","NEG_R",0.169601012504
1869,"agosto","NEG_R",0.0341865855441
1870,"muy","NEG_R",0.0315833479927
1871,"/","NEG_R",-0.200779268635
1872,"bien","NEG_R",-0.193200488421
1873,"un","NEG_R",0.13637543535
1874,"estas","NEG_R",0.34602682876
1875,"@lericamusic","NEG_R",-8.35761507507e-15
1876,"llorar","NEG_R",1.23300185429
1877,", porque","NEG_R",0.168259075874
1878,"todo el","NEG_R",0.00716259970473
1879,"?","NEG_R",-0.128263568171
1880,"es que","NEG_R",0.13509248463
1881,"solo","NEG_R",0.0163500956226
1882,"vete","NEG_R",0.602791861635
1883,"y me","NEG_R",0.280065030556
1884,"a tu","NEG_R",0.220322680497
1885,"tienen","NEG_R",0.143188806442
1886,"les","NEG_R",0.205109782751
1887,"que","NEG_R",0.111608846387
1888,"como","NEG_R",0.0329135191426
1889,";)","NEG_R",-0.106196995318
1890,"vergüenza","NEG_R",0.775447119042
1891,"nueva","NEG_R",-0.00261836138985
1892,"no puedo","NEG_R",0.0890722529411
1893,"día","NEG_R",0.0308268294842
1894,"gusta","NEG_R",-0.202077427116
1895,"y el","NEG_R",0.0314395090636
1896,"luego","NEG_R",0.304289595526
1897,"? ?","NEG_R",-0.00745297250487
1898,"ahora","NEG_R",-0.0365842097438
1899,"y que","NEG_R",-0.0760165134818
1900,"una","NEG_R",0.0354207330552
1901,"no hay","NEG_R",-0.162616391815
1902,"quien","NEG_R",0.258311678776
1903,"tonterías","NEG_R",0.241924582463
1904,"mala","NEG_R",0.420089310166
1905,"de que","NEG_R",0.0317372189836
1906,"opus","NEG_R",0.269981255607
1907,"uno","NEG_R",-0.00663449195147
1908,"que los","NEG_R",0.115230809047
1909,"hubiera","NEG_R",0.0762891563008
1910,"está","NEG_R",0.0772892438762
1911,"sois","NEG_R",0.223541549246
1912,"bajón","NEG_R",0.192845807233
1913,"por","NEG_R",0.0662170540612
1914,"paro sube","NEG_R",0.193912618105
1915,"xd","NEG_R",-0.150058620773
1916,"son","NEG_R",0.0143696013083
1917,"me gusta","NEG_R",-0.0152737823137
1918,"#léricasegundoaniversario","NEG_R",-0.281306904717
1919,"de las","NEG_R",-0.0427217349659
1920,"buenas","NEG_R",-0.195063364926
1921,"tonto","NEG_R",0.641596877252
1922,"asi","NEG_R",0.110320314043
1923,"eh","NEG_R",0.144020597164
1924,"tiene","NEG_R",-0.0188667480914
1925,"y no","NEG_R",0.518026029286
1926,"""","NEG_R",0.00801450075396
1927,"guarra","NEG_R",0.114583773065
1928,"..","NEG_R",0.11775537482
1929,"contra","NEG_R",0.160333717753
1930,"siento","NEG_R",0.207553268787
1931,"en la","NEG_R",0.0361828660782
1932,"pero","NEG_R",0.0903627834171
1933,"abrazo","NEG_R",-0.0762203528548
1934,".","NEG_R",0.0552737610113
1935,"los","NEG_R",0.142379252745
1936,"puta","NEG_R",1.12014934289
1937,"llevo","NEG_R",0.0359352234231
1938,":","NEG_R",-0.0707128356981
1939,"final","NEG_R",-0.00960268272486
1940,"encanta","NEG_R",-0.152286438199
1941,"no me","NEG_R",0.157739255314
1942,"te quiero","NEG_R",-0.308105299873
1943,"para","NEG_R",-0.0293373246048
1944,"llorando","NEG_R",0.556983547401
1945,"en el","NEG_R",0.0515820192465
1946,"asco","NEG_R",0.301080248936
1947,"vuestro","NEG_R",-0.0798606617532
1948,"ha","NEG_R",-0.0414563626171
1949,"espera","NEG_R",-0.193920674705
1950,"me","NEG_R",0.167946961123
1951,"gracias","NEG_R",-0.418026814074
1952,"casa","NEG_R",0.120732082421
1953,"_intercept","NEG_R",1.78278898435
1954,"sube un","NEG_R",7.21792336259e-15
1955,"lo que","NEG_R",0.0560564869044
1956,"mi","NEG_R",-0.0121078978145
1957,"que estoy","NEG_R",-0.00760933990188
1958,"como me","NEG_R",0.114334005114
1959,"haya","NEG_R",0.137318355347
1960,"del","NEG_R",-0.0129284592773
1961,"soporto","NEG_R",0.177276095876
1962,"tampoco","NEG_R",0.0555075029424
1963,"sabe","NEG_R",-0.00575888375652
1964,"necesito","NEG_R",0.101542594382
1965,"esta","NEG_R",-0.204343559004
1966,". que","NEG_R",0.0723406128677
1967,"feliz","NEG_R",-0.222367088929
1968,"esto","NEG_R",0.0914187621243
1969,"… https://t.co","NEG_R",-0.0691225290917
1970,"mundo","NEG_R",0.0933927912403
1971,"me lo","NEG_R",-0.0601671930511
1972,"cabrones","NEG_R",0.539756442892
1973,"mejor","NEG_R",-0.317803348293
1974,"de los","NEG_R",-0.109820672725
1975,"!","NEG_R",-0.201339586132
1976,"hasta","NEG_R",-0.141908105858
1977,"mio","NEG_R",0.346452078479
1978,"no","NEG_R",0.310643399298
1979,")","NEG_R",-0.111025654737
1980,"con las","NEG_R",0.168481590755
1981,"1","NEG_R",-0.0852793958147
1982,"de la","NEG_R",-0.0458301277848
1983,"besos","NEG_R",-0.0592520896082
1984,"9","NEG_R",-0.119762963576
1985,"con una","NEG_R",0.0324038873191
1986,"hoy","NEG_R",-0.176382056209
1987,"tiempo","NEG_R",0.0130616378316
1988,"noche","NEG_R",-0.127505712917
1989,", que","NEG_R",0.102754992062
1990,"ni","NEG_R",0.1449932753
1991,"jajajaja","NEG_R",-0.0504691181233
1992,"mismo","NEG_R",0.293049712903
1993,"jajaja","NEG_R",-0.0717739940103
1994,"ya no","NEG_R",0.316454855318
1995,"año","NEG_R",-0.0128799188404
1996,"estado","NEG_R",0.353215296171
1997,"mal","NEG_R",0.811225011677
1998,"problema","NEG_R",0.0080945349952
1999,"las","NEG_R",-0.0293907023215
2000,"a","NEG_R",0.0317003284275
2001,"mente","NEG_R",0.359990250375
2002,", se","NEG_R",0.0193752735596
2003,"! !","NEG_R",-0.112588840733
2004,"su","NEG_R",0.239725210278
2005,"q","NEG_R",0.156380434581
2006,"si","NEG_R",0.0786067135372
2007,"doy","NEG_R",0.0259991461795
2008,"vaya","NEG_R",0.449829381345
2009,"no lo","NEG_R",-0.266040068483
2010,"a ti","NEG_R",-0.137595274876
2011,"tendencia","NEG_R",-0.169619143485
2012,"que no","NEG_R",0.0216375464045
2013,"se","NEG_R",0.119183662902
2014,"jaja","POS_R",0.0272983000423
2015,":)","POS_R",0.18383416004
2016,"<newline>","POS_R",-0.0283518331997
2017,"tener","POS_R",0.205131294371
2018,"a la","POS_R",0.0459635717433
2019,"udima","POS_R",-6.61481224876e-17
2020,"magistrado","POS_R",-6.61481224876e-17
2021,"menos","POS_R",0.212195563909
2022,"lo mejor","POS_R",0.198176621564
2023,"él","POS_R",0.379475119399
2024,"que bien","POS_R",0.162434980076
2025,"cole","POS_R",-0.14022354319
2026,"va a","POS_R",-0.0428921940124
2027,"mejores","POS_R",0.618608356712
2028,"quiero","POS_R",0.495175215325
2029,"http://t.co /","POS_R",0.0158293942794
2030,"han","POS_R",-0.193888790401
2031,"la","POS_R",-0.0606186649794
2032,"con la","POS_R",-0.0336221675462
2033,"vida","POS_R",0.487610387474
2034,"tu","POS_R",0.249626062854
2035,",","POS_R",0.0180975584425
2036,"#léricasegundoaniversario","POS_R",2.54831541321
2037,"aun","POS_R",-0.0465630445717
2038,"sonrisa","POS_R",0.18639802735
2039,"hay","POS_R",-0.0718345026602
2040,"nadie","POS_R",-0.122806897718
2041,"de menos","POS_R",0.767672759228
2042,"4","POS_R",-0.296415652751
2043,"ti","POS_R",0.936827030136
2044,"te","POS_R",0.361289177417
2045,"fin","POS_R",0.391655028252
2046,"¿","POS_R",-0.0671708463663
2047,"porque","POS_R",-0.00831650014188
2048,"cef","POS_R",-6.61481224876e-17
2049,"yo","POS_R",-0.0302262289814
2050,"ya","POS_R",-0.0124530800941
2051,"en una","POS_R",-0.0674433631092
2052,"lado","POS_R",0.117350593919
2053,"grande","POS_R",0.315426739956
2054,"risa","POS_R",0.155670761946
2055,"miedo","POS_R",-0.00111364333938
2056,"verte","POS_R",1.46316830335
2057,"dar","POS_R",-0.0273527397089
2058,", tu","POS_R",0.648019903081
2059,"mucho","POS_R",0.118508355516
2060,"odio","POS_R",-0.173038367567
2061,"nos","POS_R",0.210567481186
2062,"ha sido","POS_R",0.0855451072369
2063,"a mi","POS_R",-0.0270811774195
2064,"contencioso","POS_R",-6.61481224876e-17
2065,"sube un","POS_R",-5.18230677382e-14
2066,"esto","POS_R",-0.0337084550228
2067,"niña","POS_R",0.683362276253
2068,"cosas","POS_R",-0.123566047153
2069,"ganas","POS_R",0.479208263695
2070,"desde","POS_R",0.144558815544
2071,"gran","POS_R",0.134635152995
2072,"amor","POS_R",0.933632490611
2073,". http://t.co","POS_R",0.0228948652842
2074,"el","POS_R",-0.0968521931724
2075,"paro sube","POS_R",-0.103573788411
2076,"en","POS_R",-0.101796598066
2077,"bueno","POS_R",0.150807049408
2078,"ser","POS_R",0.0208907173543
2079,"madrid","POS_R",-0.0602988121643
2080,"por el","POS_R",-0.0485232890336
2081,"cef https://t.co","POS_R",-5.29184979901e-16
2082,". me","POS_R",0.110328617754
2083,"que estoy","POS_R",0.138852267002
2084,"sea","POS_R",0.0289541482871
2085,"me encanta","POS_R",0.7882736517
2086,"todo","POS_R",0.192192665382
2087,"la rutina","POS_R",-0.0390791232509
2088,"es","POS_R",-0.0372611757701
2089,"eres","POS_R",0.220613394999
2090,"'","POS_R",-0.0411604840565
2091,"con los","POS_R",0.0944665837735
2092,"+","POS_R",0.170352034711
2093,"muy","POS_R",0.212711202308
2094,"/","POS_R",0.116981406146
2095,"poco","POS_R",-0.0263600895935
2096,"bien","POS_R",0.362194536004
2097,"@lericamusic","POS_R",3.98193362619e-14
2098,"y no","POS_R",-0.121772044433
2099,"contigo","POS_R",1.48977415426
2100,"?","POS_R",-0.0713077873946
2101,"acabo de","POS_R",-0.124956982049
2102,"solo","POS_R",-0.265929831952
2103,"foto","POS_R",-0.0832162363828
2104,"puedo","POS_R",0.0357599740706
2105,", es","POS_R",0.0778604913643
2106,"tus","POS_R",0.163022345014
2107,"supremo en","POS_R",-9.5914777607e-15
2108,"si no","POS_R",-0.036299690018
2109,"le","POS_R",-0.0344417970169
2110,"como","POS_R",0.106911017183
2111,"muchas","POS_R",0.0237655075477
2112,"@alopezsimon","POS_R",0.0293322143866
2113,"vergüenza","POS_R",-0.150611426247
2114,"no puedo","POS_R",0.0770682793213
2115,"día","POS_R",0.00439156726188
2116,"gusta","POS_R",0.248821048782
2117,"luego","POS_R",-0.232442096369
2118,"amo","POS_R",1.35624685038
2119,"? ?","POS_R",0.265540822033
2120,"ahora","POS_R",-0.0461893659211
2121,"grandes","POS_R",0.488166827445
2122,"o","POS_R",-0.0865113260009
2123,"y que","POS_R",0.0179971904782
2124,"una","POS_R",-0.00616610072388
2125,"les","POS_R",-0.0839161797171
2126,"? !","POS_R",-0.142508869727
2127,"que no","POS_R",-0.0506144478023
2128,"con","POS_R",0.0299471222888
2129,"ruego rt","POS_R",-2.6459248995e-16
2130,"es el","POS_R",0.117178684511
2131,"la libertad","POS_R",0.010371040065
2132,"pluriempleado en","POS_R",-1.32296244975e-16
2133,"sois","POS_R",-0.0557280499181
2134,"orgullosa de","POS_R",0.0455953440124
2135,"juntas","POS_R",0.00363479673944
2136,"xd","POS_R",-0.125995238987
2137,"son","POS_R",0.248145246199
2138,"enhorabuena","POS_R",0.556536533738
2139,"cgpj magistrado","POS_R",-1.32296244975e-16
2140,"felicidades","POS_R",0.95198916422
2141,"semana","POS_R",0.039963432031
2142,"buenas","POS_R",0.504939501149
2143,"la mejor","POS_R",0.293384354604
2144,"udima y","POS_R",-0.00300004693173
2145,"tiene","POS_R",-0.0231027105492
2146,"has","POS_R",-0.139016782679
2147,"siempre","POS_R",0.0611554926139
2148,"""","POS_R",-0.070288202062
2149,"bonita","POS_R",0.84246614725
2150,"..","POS_R",0.0471221557223
2151,"contra","POS_R",-0.0976578805668
2152,"fiestas","POS_R",0.0254297599922
2153,"bonito","POS_R",0.828301538602
2154,"abrazo","POS_R",0.945589722882
2155,"amiga","POS_R",0.120767833476
2156,".","POS_R",0.0354216879265
2157,"los","POS_R",-0.139970648036
2158,"para mi","POS_R",0.0119877643607
2159,"puta","POS_R",-0.18303958168
2160,"hasta","POS_R",0.102633824836
2161,"llevo","POS_R",-0.0583178577761
2162,"tienes que","POS_R",0.404351808172
2163,":","POS_R",-0.0727619334636
2164,"equipo","POS_R",0.00593170714543
2165,"#soyrepublicanopporque","POS_R",-0.0213692861664
2166,"precioso","POS_R",0.599090149842
2167,"no me","POS_R",-0.130393896483
2168,"más","POS_R",0.229927903512
2169,"dormir","POS_R",-0.203121131856
2170,"para","POS_R",-0.0604773295365
2171,"sabes","POS_R",0.0389431318297
2172,"hermana","POS_R",0.698732427356
2173,"mira","POS_R",-0.0272096459785
2174,"preciosa","POS_R",1.03483845728
2175,"… https://t.co","POS_R",0.647838549248
2176,"digo","POS_R",-0.0429924157926
2177,"jueves","POS_R",-0.0625124048644
2178,", a","POS_R",0.0049213551288
2179,"familia","POS_R",0.109630743722
2180,"vuestro","POS_R",0.245857029457
2181,"baja","POS_R",0.091384322653
2182,"he","POS_R",-0.01523361881
2183,"me","POS_R",0.058757037501
2184,"tribunal","POS_R",-1.24358470277e-14
2185,"gracias","POS_R",1.33238621972
2186,"_intercept","POS_R",1.97738975711
2187,"placer","POS_R",0.352924281576
2188,"lo que","POS_R",0.0151048028164
2189,"mi","POS_R",0.362637465443
2190,"vocal","POS_R",-6.61481224876e-17
2191,"poder","POS_R",0.164371171323
2192,"malo","POS_R",-0.173416926685
2193,"todo el","POS_R",-0.184075333017
2194,"del","POS_R",-0.0376258442592
2195,"que nos","POS_R",0.0434445050498
2196,"cabeza","POS_R",-0.0288250481905
2197,"tema","POS_R",-0.260698801221
2198,"? gracias","POS_R",-0.289372064994
2199,"tampoco","POS_R",-0.128664193592
2200,"buen","POS_R",0.471195389604
2201,"este","POS_R",0.0108580102382
2202,"genial","POS_R",0.400550529949
2203,"esta","POS_R",0.0654218829711
2204,"...","POS_R",-0.0147686781532
2205,"feliz","POS_R",0.897984765585
2206,"ir","POS_R",-0.14036247358
2207,"la vida","POS_R",0.185538539447
2208,"mundo","POS_R",0.233401097762
2209,"te quiero","POS_R",1.81233939728
2210,"dicho","POS_R",-0.0740612752759
2211,"mejor","POS_R",0.696869269896
2212,"tan","POS_R",0.191722033704
2213,"voy","POS_R",-0.144021504252
2214,"voz","POS_R",0.271923013037
2215,"!","POS_R",0.512823119454
2216,"ni","POS_R",-0.164151814682
2217,"cielo","POS_R",0.49875299378
2218,"mil","POS_R",0.348973722694
2219,"2zbkd9pkfm","POS_R",-7.27629347364e-16
2220,"no","POS_R",-0.227725260531
2221,"haciendo","POS_R",-0.196696401472
2222,"-","POS_R",-0.0801082937121
2223,"parece","POS_R",-0.0357794000788
2224,"que ha","POS_R",-0.0447879383311
2225,"de la","POS_R",-0.0362963809875
2226,"besos","POS_R",1.34597798217
2227,"lindo","POS_R",0.225970809208
2228,"? http://t.co","POS_R",0.0201110464247
2229,"mis","POS_R",0.255191555645
2230,"? <newline>","POS_R",0.0733803735285
2231,"todos","POS_R",-0.10793809742
2232,"hoy","POS_R",0.185004768519
2233,"cgpj","POS_R",-0.383768898397
2234,"especial","POS_R",0.74237088363
2235,"persona","POS_R",0.637477025913
2236,"noche","POS_R",0.248802008096
2237,"en contencioso","POS_R",-6.61481224876e-17
2238,"tarde","POS_R",0.563271678119
2239,"mierda","POS_R",-0.351681908341
2240,"ella","POS_R",0.189682511147
2241,"en el","POS_R",0.0961118807459
2242,"me gusta","POS_R",0.23443724961
2243,"de hoy","POS_R",0.0042342702311
2244,"jajaja","POS_R",0.0513478655834
2245,"de verdad","POS_R",0.0939119670871
2246,"año","POS_R",0.0909024116847
2247,"mal","POS_R",-0.192438673758
2248,"las","POS_R",-0.0926088879277
2249,"hacer","POS_R",-0.00495034367411
2250,"contencioso pluriempleado","POS_R",-9.92221837314e-16
2251,"! !","POS_R",0.0462765972163
2252,"una tarde","POS_R",0.333574028898
2253,"barcelona","POS_R",0.0678028370246
2254,"q","POS_R",-0.105076895699
2255,"si","POS_R",0.106266284639
2256,"orgullosa","POS_R",0.317517763061
2257,"vaya","POS_R",-0.10042053784
2258,"noches","POS_R",0.296557932996
2259,"se","POS_R",-0.0150545221634
